,accommodates,bedrooms,bathrooms,beds,price,minimum_nights,maximum_nights,number_of_reviews
602,2,1.0,1.0,1.0,80.0,3,1125,102
4352,2,1.0,1.0,1.0,45.0,2,8,396
4240,4,1.0,1.0,0.0,90.0,3,1125,30
7519,6,2.0,1.0,3.0,80.0,1,1125,0
3759,2,0.0,1.0,1.0,45.0,3,1125,110
5385,5,3.0,1.0,4.0,130.0,10,13,1
5012,6,3.0,2.0,3.0,199.0,2,1125,18
5326,5,2.0,1.0,4.0,175.0,30,305,178
3849,3,1.0,1.0,3.0,110.0,7,30,0
5094,5,3.0,1.0,4.0,100.0,4,30,2
3675,2,1.0,1.0,1.0,59.0,7,120,1
7609,2,1.0,1.5,1.0,75.0,4,30,40
2738,2,1.0,1.0,1.0,75.0,3,365,69
6871,5,2.0,1.0,3.0,65.0,1,1125,32
7312,2,0.0,1.0,1.0,65.0,3,1125,15
637,4,1.0,1.0,2.0,100.0,4,365,68
5158,3,1.0,1.0,2.0,190.0,2,1124,82
628,6,4.0,2.0,5.0,190.0,6,1125,12
7056,2,0.0,1.0,1.0,53.0,1,1125,223
23,2,1.0,1.0,1.0,80.0,120,1125,1
4000,3,0.0,1.0,3.0,69.0,3,31,243
7465,4,1.0,1.0,2.0,100.0,3,1125,4
801,4,1.0,1.0,2.0,114.0,30,1125,16
4032,1,1.0,1.0,1.0,46.0,1,1125,451
3028,2,0.0,1.0,1.0,144.0,3,1125,1
110,3,2.0,2.5,1.0,160.0,2,60,15
604,1,1.0,1.0,2.0,146.0,90,360,4
6582,4,1.0,1.0,1.0,160.0,90,1125,19
6394,8,4.0,4.5,5.0,600.0,2,90,83
3669,5,2.0,1.0,2.0,199.0,2,180,199
7445,3,1.0,1.0,2.0,60.0,4,60,17
5080,6,2.0,2.0,3.0,150.0,4,1125,8
2045,2,0.0,1.0,1.0,167.0,3,365,5
7278,6,1.0,1.5,3.0,100.0,3,25,47
5581,4,2.0,2.0,3.0,525.0,3,365,27
2121,5,2.0,2.0,4.0,260.0,3,365,1
3117,2,0.0,1.0,1.0,43.0,6,30,16
3080,4,1.0,1.5,1.0,125.0,3,365,87
5037,1,1.0,1.0,1.0,40.0,5,25,12
7217,4,1.0,1.0,2.0,117.0,4,60,46
799,6,1.0,1.5,2.0,60.0,4,30,0
3659,2,1.0,1.0,1.0,70.0,4,100,7
1101,4,1.0,1.0,2.0,96.0,5,1125,9
5762,2,1.0,1.0,1.0,80.0,5,1125,9
571,6,4.0,2.0,4.0,185.0,2,30,56
2672,4,1.0,1.0,2.0,146.0,3,1125,46
4820,2,1.0,1.0,2.0,169.0,2,30,33
7964,6,3.0,1.0,4.0,178.0,4,1125,28
2709,4,2.0,1.0,3.0,130.0,2,1125,10
1792,2,1.0,1.0,0.0,150.0,5,1125,38
5020,3,0.0,1.0,2.0,58.0,3,30,86
5347,4,2.0,1.0,2.0,190.0,91,1125,1
432,1,1.0,1.0,1.0,38.0,10,60,59
6165,2,0.0,1.0,1.0,70.0,3,1125,0
470,3,1.0,1.0,2.0,100.0,5,14,231
1747,4,0.0,1.0,2.0,50.0,30,1125,9
976,4,1.0,1.0,2.0,100.0,2,90,32
1772,2,1.0,1.5,1.0,54.0,3,31,348
7633,2,1.0,1.0,1.0,87.0,3,30,6
5187,2,0.0,1.0,1.0,70.0,3,1125,44
4332,3,1.0,1.0,1.0,102.0,1,1125,4
1926,4,2.0,2.0,2.0,119.0,3,365,18
2881,2,1.0,1.0,0.0,47.0,3,1000,14
4156,6,3.0,1.0,3.0,139.0,6,1125,6
7419,2,1.0,1.0,1.0,69.0,2,15,141
4189,4,2.0,1.0,2.0,84.0,3,1125,21
2591,4,2.0,1.0,2.0,300.0,2,66,58
5089,2,1.0,1.0,1.0,39.0,3,31,1
717,5,2.0,1.0,2.0,200.0,4,30,17
1294,2,1.0,1.0,1.0,57.0,3,7,205
2417,1,1.0,1.0,1.0,85.0,3,14,38
1465,2,1.0,1.0,1.0,70.0,7,180,1
7954,4,1.0,2.0,2.0,217.0,3,365,1
6647,3,2.0,1.0,3.0,70.0,6,20,0
4024,5,2.0,1.0,4.0,95.0,4,365,33
5914,2,2.0,1.0,2.0,95.0,2,1125,2
2485,2,1.0,1.0,1.0,69.0,20,60,15
2927,8,3.0,2.0,4.0,260.0,4,1125,31
4653,6,2.0,1.0,2.0,170.0,4,31,106
6730,1,1.0,0.5,1.0,30.0,3,30,25
5157,2,1.0,1.0,1.0,100.0,3,20,0
3034,4,2.0,1.0,3.0,89.0,30,300,6
1442,4,3.0,2.0,3.0,290.0,5,21,1
6673,2,1.0,1.0,1.0,50.0,1,1125,8
488,4,2.0,1.5,3.0,269.0,2,60,5
6154,2,1.0,1.0,1.0,160.0,1,1125,221
7246,2,1.0,1.5,1.0,259.0,10,31,20
1726,2,1.0,1.0,1.0,500.0,50,1125,39
6939,2,1.0,1.0,1.0,60.0,4,15,2
2645,2,1.0,1.0,1.0,100.0,7,1125,0
3916,2,1.0,1.0,0.0,60.0,3,21,244
6564,2,1.0,1.0,1.0,50.0,21,1125,38
6841,2,1.0,1.0,0.0,120.0,2,1125,20
2564,2,1.0,1.0,1.0,55.0,5,40,6
1651,1,0.0,1.0,1.0,48.0,30,1125,88
3878,3,1.0,1.0,3.0,70.0,1,1125,0
1864,4,1.0,1.0,2.0,65.0,2,62,79
969,2,1.0,1.0,1.0,30.0,15,60,2
5351,4,2.0,1.0,3.0,175.0,6,1125,82
4626,3,1.0,1.0,2.0,150.0,30,305,1
5711,4,1.0,1.0,2.0,125.0,2,30,50
6313,2,0.0,1.0,1.0,40.0,4,10,5
3668,7,3.0,3.0,6.0,690.0,2,30,21
2227,2,1.0,1.0,1.0,66.0,2,14,123
7879,2,1.0,1.0,1.0,60.0,3,1125,2
5114,4,1.0,1.0,2.0,75.0,6,1125,1
4393,2,0.0,1.0,1.0,104.0,2,29,216
2538,6,2.0,1.0,2.0,95.0,2,1125,59
2209,2,1.0,1.0,1.0,68.0,1,1125,151
1130,6,2.0,1.0,2.0,120.0,7,30,7
179,6,2.0,1.0,4.0,115.0,9,45,9
5050,2,1.0,1.0,2.0,110.0,7,365,1
2660,4,1.0,1.0,0.0,50.0,30,305,165
5246,3,0.0,1.0,2.0,48.0,1,1125,136
3213,3,1.0,1.0,1.0,79.0,2,100,125
1679,1,1.0,1.0,1.0,50.0,3,1125,77
1606,4,1.0,1.0,4.0,105.0,3,30,79
4410,4,1.0,1.0,2.0,60.0,2,1125,2
5678,4,1.0,1.0,2.0,57.0,7,1125,0
7285,2,1.0,1.0,2.0,58.0,5,1125,24
231,6,1.0,1.0,3.0,70.0,10,120,6
1007,4,1.0,1.0,2.0,90.0,3,14,42
7292,2,1.0,1.0,1.0,31.0,3,1125,0
3360,2,1.0,1.0,0.0,69.0,30,305,3
2346,4,1.0,1.0,1.0,99.0,2,1125,16
1761,1,1.0,1.0,1.0,50.0,14,500,11
1150,1,1.0,1.0,1.0,30.0,1,7,0
3269,4,1.0,1.0,1.0,148.0,91,1125,8
7875,3,1.0,1.0,1.0,110.0,4,30,0
7019,2,1.0,1.0,1.0,60.0,2,365,16
2008,8,3.0,3.0,5.0,374.0,2,30,2
5844,3,1.0,1.5,3.0,50.0,1,3,7
1295,4,1.0,1.0,0.0,140.0,3,365,40
7135,2,1.0,1.0,1.0,100.0,1,1125,0
3019,3,2.0,1.0,2.0,108.0,3,7,110
5838,3,0.0,1.0,2.0,75.0,3,1125,160
453,2,1.0,1.0,1.0,160.0,1,1125,28
3476,6,3.0,2.0,3.0,177.0,4,14,13
3150,2,1.0,1.0,1.0,65.0,3,15,0
2552,2,1.0,1.0,0.0,98.0,3,28,18
6478,2,0.0,1.0,1.0,56.0,3,365,4
749,3,1.0,1.0,1.0,74.0,3,30,20
4136,2,0.0,1.0,1.0,90.0,3,15,158
3834,1,1.0,1.0,0.0,60.0,2,28,20
1545,2,1.0,1.0,1.0,75.0,3,1123,158
5531,4,2.0,1.0,0.0,120.0,3,30,35
3255,3,2.0,1.0,2.0,90.0,3,60,76
7377,2,1.0,1.0,2.0,55.0,3,7,25
7650,4,2.0,1.0,2.0,180.0,1,1125,0
6581,4,1.0,1.0,1.0,95.0,2,1125,51
6781,3,1.0,1.0,0.0,178.0,2,30,110
4847,3,1.0,1.0,2.0,65.0,2,30,1
7215,2,1.0,1.0,1.0,55.0,2,1125,124
5121,2,0.0,1.0,1.0,40.0,2,1125,25
4996,2,1.0,1.0,1.0,90.0,2,1125,18
1218,1,0.0,1.0,1.0,35.0,150,900,7
636,2,1.0,1.5,0.0,90.0,4,1125,22
7170,2,1.0,1.0,1.0,90.0,2,25,53
6720,2,0.0,1.0,1.0,58.0,3,1125,4
6241,2,1.0,1.0,1.0,45.0,3,1125,0
4861,1,1.0,1.0,1.0,30.0,90,365,16
101,3,2.0,1.0,2.0,130.0,5,30,50
6507,4,2.0,1.0,2.0,130.0,2,1125,100
3584,3,1.0,1.0,1.0,195.0,2,15,190
6155,2,1.0,1.0,1.0,50.0,1,1125,45
4906,2,0.0,1.0,1.0,80.0,3,30,142
1949,2,1.0,1.0,1.0,95.0,3,30,43
3032,2,1.0,1.0,2.0,105.0,30,1125,56
506,2,1.0,1.0,1.0,35.0,21,120,17
2311,3,2.0,1.0,2.0,55.0,2,10,150
1755,2,1.0,1.0,1.0,73.0,3,1125,96
5573,6,2.0,1.0,3.0,150.0,3,1125,143
5369,2,1.0,1.0,1.0,130.0,3,1125,88
2849,2,1.0,1.0,1.0,80.0,3,1125,33
7639,6,3.0,1.0,0.0,100.0,4,14,31
6442,2,1.0,1.0,2.0,90.0,9,30,21
7537,3,0.0,1.5,3.0,80.0,2,20,27
7294,2,1.0,1.0,1.0,43.0,7,16,0
1737,2,1.0,1.0,1.0,90.0,5,90,18
772,3,1.0,1.0,2.0,146.0,60,365,5
7995,2,0.0,1.0,1.0,55.0,150,1125,0
7753,3,2.0,2.5,3.0,160.0,2,1125,0
6353,4,1.0,1.0,1.0,69.0,3,25,20
7722,6,4.0,2.0,6.0,154.0,3,1125,62
4788,1,1.0,1.5,0.0,44.0,7,60,14
6863,3,1.0,1.0,2.0,60.0,1,1125,6
4917,3,1.0,1.0,2.0,90.0,1,1125,36
4326,6,3.0,1.0,4.0,160.0,3,1125,15
5180,2,1.0,1.0,1.0,125.0,4,20,35
1460,2,1.0,1.0,1.0,100.0,2,1125,9
5583,2,2.0,1.0,1.0,90.0,3,7,0
6535,4,2.0,1.0,2.0,80.0,7,28,0
5204,4,1.0,1.0,2.0,150.0,30,360,22
5980,3,0.0,1.0,1.0,90.0,1,1125,352
2785,16,3.0,2.0,3.0,250.0,1,1125,34
164,5,1.0,1.0,3.0,185.0,3,1125,117
3625,4,2.0,1.0,3.0,220.0,7,365,20
7341,4,1.0,1.0,2.0,80.0,3,1125,0
1871,4,1.0,1.5,2.0,90.0,2,365,60
414,2,1.0,1.0,1.0,70.0,7,1124,37
1593,2,1.0,1.0,1.0,99.0,3,60,9
5267,8,3.0,3.0,4.0,560.0,2,1125,27
588,3,2.0,1.0,2.0,115.0,7,20,47
5640,4,1.0,1.0,1.0,110.0,2,90,177
3205,2,1.0,1.0,1.0,83.0,30,305,141
4150,4,2.0,1.0,2.0,125.0,2,1125,29
2772,2,1.0,1.0,1.0,80.0,3,7,14
623,3,0.0,1.0,2.0,80.0,2,90,56
7915,4,0.0,1.0,2.0,55.0,5,1125,29
715,2,1.0,1.0,1.0,125.0,4,1125,112
3390,4,1.0,1.0,3.0,80.0,1,1125,19
3230,2,1.0,1.0,1.0,150.0,2,1125,50
2039,4,1.0,1.0,2.0,79.0,5,1125,18
4333,2,1.0,1.0,1.0,110.0,8,1125,50
745,3,1.0,1.5,2.0,80.0,3,365,194
4921,2,2.0,1.0,1.0,100.0,6,15,18
581,8,4.0,1.0,5.0,243.0,2,40,66
1795,2,1.0,1.0,1.0,90.0,2,30,135
4810,2,1.0,1.0,1.0,64.0,5,27,52
1681,2,1.0,1.0,1.0,100.0,5,365,31
362,2,1.0,1.5,1.0,45.0,7,24,0
3046,3,1.0,1.0,1.0,129.0,91,1125,5
6855,2,1.0,1.0,1.0,50.0,4,30,17
214,5,3.0,2.0,3.0,120.0,4,21,2
283,2,1.0,0.0,1.0,65.0,4,365,170
1552,8,4.0,4.0,4.0,434.0,2,30,290
3350,4,1.0,1.5,1.0,120.0,6,30,76
7269,2,0.0,1.0,1.0,69.0,3,30,3
2239,4,1.0,1.0,2.0,80.0,2,365,57
2866,4,1.0,1.0,1.0,200.0,5,70,0
5294,3,2.0,2.0,2.0,295.0,3,12,38
2254,3,1.0,1.0,2.0,85.0,3,10,34
2988,2,0.0,1.0,1.0,80.0,3,365,40
4033,7,4.0,1.0,4.0,230.0,3,15,70
7986,5,2.0,1.0,2.0,150.0,4,60,15
3974,5,3.0,1.0,0.0,110.0,5,21,13
3313,4,1.0,1.0,1.0,150.0,1,1125,19
6228,4,1.0,1.0,0.0,100.0,1,1125,24
3374,3,1.0,1.0,2.0,85.0,2,1125,142
6830,2,1.0,1.5,1.0,150.0,2,1125,0
3824,2,0.0,1.0,2.0,70.0,270,1125,25
3742,6,3.0,2.0,5.0,135.0,4,24,21
3785,2,1.0,1.0,1.0,75.0,7,1125,158
6949,2,1.0,1.0,1.0,122.0,2,45,100
7594,9,4.0,3.0,6.0,799.0,1,1125,60
5242,6,2.0,1.0,3.0,150.0,3,1125,11
1146,4,1.0,1.0,2.0,80.0,4,14,15
6055,2,1.0,1.0,1.0,100.0,3,1124,1
4241,2,1.0,1.0,1.0,46.0,3,1125,55
1414,6,3.0,2.5,3.0,276.0,1,15,81
4409,2,1.0,1.0,1.0,100.0,2,1125,84
5312,2,1.0,1.0,1.0,110.0,1,1125,0
1774,2,1.0,1.0,1.0,80.0,3,120,8
655,2,1.0,1.0,1.0,140.0,3,30,44
4083,6,4.0,1.0,4.0,175.0,3,60,37
5472,4,1.0,1.0,2.0,120.0,1,1125,0
5119,2,1.0,1.0,1.0,94.0,4,30,36
6184,5,2.0,1.0,3.0,190.0,3,1125,1
5602,2,0.0,1.0,1.0,60.0,3,1125,18
2440,2,1.0,1.0,1.0,100.0,1,15,68
5518,2,1.0,1.0,1.0,80.0,2,1125,17
6758,4,2.0,1.0,2.0,43.0,4,100,4
1396,4,1.0,1.0,2.0,345.0,4,1124,21
1903,4,2.0,1.0,2.0,120.0,3,30,89
3327,2,1.0,1.0,1.0,85.0,3,10,111
3667,3,1.0,1.0,1.0,135.0,3,1125,4
7988,4,0.0,1.0,1.0,98.0,10,365,45
2029,5,1.0,1.0,4.0,149.0,3,30,89
4256,2,1.0,1.0,1.0,60.0,6,1125,0
7576,3,1.0,1.0,2.0,50.0,14,15,6
2324,4,1.0,1.0,2.0,80.0,2,14,10
4212,1,1.0,1.0,2.0,35.0,2,15,14
1066,6,4.0,1.0,4.0,150.0,4,14,21
2232,2,1.0,1.0,1.0,58.0,2,30,21
1081,4,1.0,1.0,2.0,75.0,3,365,140
5893,2,1.0,1.0,1.0,32.0,2,15,156
2122,4,1.0,1.0,2.0,167.0,3,365,7
4387,2,1.0,1.0,1.0,120.0,4,1125,21
4423,4,2.0,1.0,1.0,100.0,4,1125,4
3589,4,2.0,1.0,2.0,95.0,3,20,7
4876,5,2.0,1.0,4.0,126.0,1,1125,17
7834,2,1.0,1.0,1.0,94.0,4,34,18
5038,4,2.0,1.0,2.0,130.0,5,1125,20
1266,1,1.0,1.0,1.0,40.0,1,7,7
5006,2,1.0,1.0,1.0,60.0,5,1125,13
7423,3,1.0,1.0,1.0,42.0,3,1125,1
3822,2,1.0,1.0,1.0,115.0,6,70,1
2025,7,4.0,2.0,4.0,700.0,7,30,13
5160,2,1.0,1.0,1.0,85.0,1,1125,0
7728,2,1.0,2.0,1.0,35.0,5,15,2
3816,3,1.0,1.0,2.0,134.0,2,15,7
6618,4,2.0,1.0,2.0,50.0,3,14,9
5360,3,2.0,1.0,2.0,70.0,7,30,0
4319,5,1.0,1.5,2.0,60.0,4,30,214
1934,2,1.0,1.0,0.0,72.0,10,200,28
4497,1,1.0,1.0,1.0,37.0,3,365,52
2367,4,2.0,1.0,4.0,110.0,3,40,37
6308,1,0.0,0.0,1.0,900.0,2,1125,5
3147,2,0.0,1.0,1.0,260.0,4,27,20
4413,4,1.0,1.0,0.0,110.0,4,1125,10
2491,2,1.0,1.0,1.0,45.0,2,1125,17
4479,2,1.0,1.0,1.0,130.0,2,1125,38
2091,4,1.0,1.0,2.0,110.0,3,30,75
5927,2,1.0,1.0,1.0,80.0,4,30,11
6584,2,0.0,1.0,1.0,60.0,3,21,223
1856,6,2.0,2.0,3.0,148.0,4,1125,10
3712,4,2.0,1.0,2.0,90.0,4,1125,21
2065,7,3.0,2.0,0.0,130.0,4,30,2
7845,2,1.0,6.5,1.0,25.0,1,365,116
7699,4,1.0,1.0,2.0,125.0,4,1125,11
5236,3,2.0,1.0,2.0,85.0,1,1125,2
4046,3,1.0,1.0,2.0,125.0,1,1125,54
7903,3,0.0,1.0,2.0,80.0,1,3,6
7663,4,2.0,1.0,2.0,165.0,2,9,82
4345,2,1.0,1.0,1.0,69.0,3,14,30
7852,4,1.0,1.0,2.0,125.0,2,1125,28
6644,2,0.0,1.0,1.0,50.0,4,1125,11
4685,2,1.0,1.0,1.0,72.0,20,21,19
1335,2,1.0,1.0,1.0,80.0,2,15,3
5745,2,1.0,1.0,1.0,49.0,1,1125,5
3133,2,1.0,1.0,2.0,60.0,14,100,4
899,3,1.0,1.0,2.0,60.0,7,15,2
2427,8,4.0,2.0,6.0,279.0,3,30,118
2586,2,0.0,1.0,1.0,115.0,4,1125,78
6388,2,1.0,1.0,1.0,48.0,6,1125,10
6854,1,0.0,1.0,1.0,40.0,5,1125,4
1274,1,1.0,1.0,1.0,57.0,30,310,12
5017,3,2.0,1.0,2.0,84.0,2,1125,24
7191,4,2.0,1.0,2.0,120.0,3,10,79
450,2,1.0,1.0,1.0,150.0,30,305,17
7768,6,3.0,2.0,4.0,225.0,4,1125,1
1799,2,1.0,1.0,0.0,70.0,2,10,34
6829,1,0.0,1.0,1.0,55.0,30,1125,17
2235,4,1.0,1.0,3.0,80.0,2,1125,13
243,6,1.0,1.0,1.0,40.0,1,730,18
5283,3,0.0,1.0,1.0,40.0,2,1125,0
6554,4,1.0,1.0,2.0,185.0,4,31,38
4243,3,2.0,1.0,2.0,280.0,4,1125,13
4357,2,1.0,1.0,1.0,100.0,2,20,60
4283,4,2.0,1.0,2.0,80.0,1,1125,0
1991,2,1.0,1.0,1.0,65.0,5,15,9
739,1,1.0,1.5,1.0,65.0,30,305,15
6078,1,1.0,1.5,1.0,30.0,5,30,1
4603,2,0.0,1.0,2.0,70.0,5,31,40
7596,2,0.0,1.0,1.0,38.0,3,1125,0
2422,7,2.0,1.0,5.0,245.0,1,1125,218
6971,2,2.0,1.0,2.0,90.0,90,200,0
1026,2,1.0,1.0,1.0,65.0,4,1125,93
1088,2,1.0,1.0,1.0,140.0,4,365,72
1416,2,1.0,1.0,1.0,79.0,2,30,113
6936,2,1.0,1.0,1.0,150.0,6,100,119
4762,3,1.0,1.0,2.0,50.0,2,1125,11
4048,3,0.0,1.0,1.0,55.0,1,1125,414
334,8,3.0,1.0,3.0,170.0,2,30,97
7071,5,3.0,1.0,4.0,150.0,7,21,7
4735,2,1.0,1.0,1.0,100.0,1,1125,9
3340,2,2.0,2.0,2.0,150.0,12,100,12
1031,4,2.0,1.0,3.0,100.0,4,30,11
3294,8,3.0,1.0,3.0,150.0,4,1125,56
7914,4,2.0,2.0,2.0,200.0,3,1125,0
1509,2,1.0,1.0,0.0,78.0,4,90,124
7479,4,2.0,2.0,2.0,650.0,5,1125,0
4985,3,1.0,1.0,1.0,150.0,3,1125,1
3292,6,1.0,1.0,3.0,150.0,2,1125,29
1554,1,1.0,1.0,1.0,50.0,2,21,52
1158,3,1.0,1.0,2.0,120.0,7,35,10
1314,2,1.0,1.0,1.0,24.0,1,20,155
4675,2,1.0,1.0,1.0,79.0,8,60,39
3532,1,1.0,1.0,1.0,45.0,3,30,31
3063,2,1.0,1.0,1.0,60.0,15,180,3
5107,4,1.0,1.0,2.0,115.0,30,305,151
1010,1,1.0,1.0,2.0,50.0,7,7,200
3092,4,1.0,1.0,2.0,92.0,5,10,73
1117,4,1.0,1.0,2.0,110.0,365,365,2
6965,2,1.0,1.0,0.0,70.0,4,120,294
7616,1,1.0,1.0,1.0,35.0,2,10,1
4438,3,0.0,1.0,2.0,90.0,10,120,5
4955,2,1.0,1.0,1.0,95.0,6,1125,3
6142,2,1.0,1.0,1.0,70.0,4,1125,7
5753,2,1.0,1.0,1.0,69.0,1,32,19
6409,2,0.0,1.0,1.0,42.0,3,1125,11
1920,3,1.0,1.0,2.0,85.0,5,1125,98
2448,2,1.0,1.0,1.0,70.0,4,1125,0
4178,4,1.0,1.0,2.0,62.0,2,1125,15
1560,2,1.0,1.0,1.0,85.0,3,21,15
4301,3,1.0,1.0,1.0,63.0,2,1125,12
4803,5,3.0,1.5,2.0,180.0,2,1125,14
444,6,2.0,1.0,3.0,69.0,30,45,9
2814,2,1.0,1.0,1.0,50.0,14,14,0
5984,2,1.0,1.0,1.0,65.0,5,1125,94
5108,2,1.0,1.0,1.0,99.0,2,30,16
3386,2,1.0,1.0,1.0,64.0,4,1125,2
4113,1,1.0,1.0,1.0,45.0,3,1125,237
1109,4,1.0,1.0,2.0,67.0,3,45,61
319,2,1.0,1.0,1.0,60.0,10,365,35
1944,4,1.0,1.0,1.0,95.0,1,1125,282
5810,2,1.0,1.0,3.0,52.0,1,1125,175
6873,2,1.0,1.0,1.0,34.0,1,1125,7
7791,4,0.0,1.0,2.0,80.0,1,1125,340
1366,2,1.0,1.0,1.0,60.0,2,1125,0
2355,4,1.0,1.0,2.0,90.0,2,1125,37
2293,4,2.0,1.0,2.0,110.0,5,1125,0
3860,6,2.0,1.0,4.0,199.0,3,15,18
909,2,1.0,1.0,1.0,50.0,3,13,8
1245,4,1.0,1.0,2.0,70.0,5,45,18
1001,1,1.0,1.0,0.0,41.0,2,80,404
5122,2,1.0,1.0,1.0,60.0,4,1120,76
6812,4,1.0,1.0,1.0,250.0,3,20,26
2556,3,1.0,1.5,1.0,165.0,2,1125,156
4018,4,1.0,1.0,2.0,119.0,4,1125,206
6124,1,1.0,1.0,1.0,65.0,1,1125,0
7304,2,1.0,1.0,1.0,79.0,2,1125,13
6366,3,1.0,1.0,2.0,99.0,3,15,22
1684,4,2.0,2.0,3.0,145.0,5,20,49
7279,4,0.0,1.0,1.0,35.0,7,1125,11
3082,4,1.0,1.5,1.0,165.0,91,1125,0
3666,4,1.0,1.0,2.0,58.0,5,1125,15
5821,4,1.0,1.5,2.0,85.0,3,90,53
7743,4,2.0,1.0,3.0,120.0,3,1125,41
7697,2,1.0,1.0,1.0,60.0,3,1125,2
410,4,2.0,2.0,2.0,230.0,2,180,16
3323,4,1.0,1.0,1.0,100.0,5,10000,10
1571,2,0.0,1.0,1.0,80.0,1,7,336
5862,2,1.0,1.0,1.0,50.0,3,30,5
7645,2,1.0,1.0,1.0,120.0,2,1125,21
3007,3,0.0,1.0,2.0,66.0,3,80,32
4041,4,1.0,1.0,2.0,120.0,7,1125,2
5483,1,1.0,1.5,1.0,55.0,2,7,75
1094,4,1.0,1.0,3.0,68.0,2,90,21
4289,2,0.0,1.0,1.0,85.0,10,90,42
770,2,0.0,1.0,1.0,80.0,5,10,0
3434,4,1.0,1.0,2.0,99.0,270,366,1
913,1,1.0,1.0,0.0,60.0,3,120,69
2995,4,1.0,1.0,2.0,95.0,2,1125,46
1087,1,1.0,1.0,1.0,55.0,6,1125,10
4399,2,1.0,1.0,1.0,110.0,4,1125,2
1494,2,1.0,1.0,1.0,99.0,3,20,27
6332,5,3.0,2.0,4.0,290.0,4,30,38
776,1,1.0,1.0,1.0,35.0,3,8,154
4742,2,1.0,2.0,1.0,80.0,1,1125,1
5359,4,2.0,1.0,3.0,250.0,5,1125,3
7353,7,3.0,2.0,3.0,323.0,2,15,8
400,4,1.0,1.0,2.0,50.0,3,90,6
2992,3,1.0,1.0,2.0,76.0,30,1125,50
7091,3,1.0,1.0,2.0,85.0,7,29,0
7098,1,1.0,1.0,1.0,30.0,14,1125,0
1489,3,2.0,1.0,2.0,45.0,5,30,128
6600,6,4.0,2.5,5.0,200.0,2,30,14
4983,2,0.0,1.0,1.0,39.0,120,300,5
1880,7,3.0,1.0,3.0,115.0,4,50,55
426,4,1.0,1.0,1.0,155.0,2,60,25
26,2,1.0,1.5,1.0,250.0,3,730,154
3214,4,1.0,1.0,2.0,100.0,3,30,147
7833,6,4.0,2.0,5.0,200.0,5,16,6
2301,1,1.0,1.0,2.0,64.0,1,1125,0
4219,4,2.0,2.0,2.0,185.0,3,1125,83
7417,5,1.0,1.0,4.0,100.0,3,1125,52
7036,3,1.0,1.0,1.0,40.0,6,15,0
2669,2,1.0,1.0,0.0,90.0,4,31,12
7168,2,1.0,1.0,1.0,49.0,3,16,2
1965,2,1.0,1.0,0.0,95.0,6,60,16
4444,2,1.0,1.0,1.0,105.0,1,1125,8
4887,2,1.0,1.0,1.0,59.0,19,27,39
3182,2,0.0,1.0,1.0,39.0,3,6,38
7147,2,1.0,1.0,0.0,41.0,1,1125,56
7593,2,0.0,1.0,1.0,54.0,2,10,6
7831,6,0.0,1.0,4.0,50.0,7,1125,3
4716,3,1.0,1.0,1.0,120.0,2,1125,52
2577,5,2.0,1.0,3.0,100.0,3,1124,10
742,4,1.0,1.0,1.0,100.0,7,365,0
5232,9,5.0,2.0,6.0,380.0,2,1125,48
4521,2,0.0,1.0,1.0,50.0,1,1125,0
839,2,1.0,1.0,1.0,130.0,2,1125,91
5482,4,2.0,2.0,2.0,380.0,5,1125,0
376,2,1.0,1.0,1.0,79.0,2,10,109
21,4,1.0,1.5,2.0,100.0,5,730,66
1013,2,1.0,1.0,1.0,79.0,7,15,3
5582,2,0.0,1.0,1.0,90.0,2,1125,10
8,4,1.0,1.0,2.0,90.0,3,730,40
6705,4,2.0,1.0,2.0,108.0,4,45,22
4992,3,0.0,1.0,1.0,50.0,3,1125,32
2084,2,1.0,1.0,1.0,90.0,2,100,4
2270,5,2.0,1.0,3.0,200.0,4,15,38
7774,2,1.0,1.0,1.0,38.0,4,1125,13
6537,4,1.0,1.0,1.0,37.0,2,31,24
4382,2,0.0,1.0,1.0,25.0,1,1125,0
7213,4,3.0,1.0,4.0,243.0,3,10,0
7910,5,3.0,2.0,4.0,125.0,3,1125,12
5271,4,1.0,1.5,2.0,300.0,30,1125,24
4490,2,1.0,1.0,1.0,127.0,3,120,76
1352,1,1.0,2.0,1.0,30.0,30,30,3
6421,5,3.0,1.0,3.0,110.0,7,30,5
3982,1,0.0,1.0,1.0,45.0,28,1125,8
7936,8,4.0,2.0,4.0,206.0,4,22,21
35,3,0.0,1.0,2.0,98.0,2,90,157
4176,4,1.0,1.0,2.0,40.0,5,35,22
4596,2,1.0,1.0,1.0,123.0,4,30,29
237,3,1.0,1.0,2.0,49.0,80,365,29
1950,4,2.0,1.0,3.0,99.0,3,28,70
4962,4,1.0,1.0,1.0,380.0,1,125,5
4317,4,2.0,1.0,3.0,100.0,7,30,6
5551,3,2.0,1.0,2.0,95.0,5,1125,8
6350,7,5.0,2.5,5.0,250.0,7,1125,0
213,4,1.0,1.0,1.0,100.0,5,730,22
7607,6,3.0,2.0,5.0,320.0,5,28,6
1177,2,1.0,1.0,1.0,91.0,2,365,226
574,2,0.0,1.0,1.0,59.0,2,1125,69
7002,4,1.0,1.0,2.0,190.0,6,1125,67
1154,2,1.0,1.0,1.0,95.0,5,1125,51
224,4,2.0,1.0,2.0,55.0,5,10,3
614,4,1.0,2.0,3.0,84.0,6,70,95
1164,5,3.0,1.0,3.0,70.0,7,31,2
4863,2,2.0,1.0,1.0,25.0,28,120,5
7505,2,0.0,1.0,1.0,30.0,1,1125,1
190,2,1.0,1.0,1.0,50.0,3,90,5
1731,7,3.0,1.0,6.0,145.0,4,21,25
2705,3,0.0,1.0,1.0,121.0,5,90,25
3758,2,1.0,1.0,1.0,59.0,21,1125,49
1107,4,1.0,1.5,1.0,170.0,2,1125,173
3456,2,0.0,1.0,1.0,110.0,3,1125,61
4042,1,1.0,1.0,1.0,40.0,2,4,95
6036,2,0.0,1.0,1.0,60.0,3,31,28
5520,2,1.0,1.0,1.0,60.0,3,1125,8
3371,4,2.0,1.0,2.0,67.0,1,365,364
3945,2,1.0,1.0,1.0,60.0,2,1125,21
4094,2,1.0,1.0,1.0,45.0,3,30,4
7431,4,2.0,1.0,2.0,350.0,3,1125,153
4418,2,1.0,1.0,1.0,110.0,2,1125,77
111,2,1.0,1.0,1.0,48.0,3,8,6
187,2,1.0,1.0,1.0,95.0,2,730,41
2865,2,1.0,1.0,1.0,62.0,4,30,51
5949,4,2.0,2.0,2.0,250.0,6,30,37
1848,7,4.0,1.0,4.0,350.0,7,20,47
842,3,2.0,1.0,2.0,120.0,5,20,24
2678,6,2.0,1.0,4.0,200.0,1,30,45
2635,2,1.0,1.0,1.0,60.0,6,62,9
3902,2,1.0,1.0,1.0,59.0,1,1125,220
2020,12,4.0,2.0,7.0,390.0,3,7,31
4175,5,3.0,1.5,4.0,120.0,6,60,2
3238,4,2.0,1.0,2.0,90.0,3,120,29
7873,2,1.0,1.0,1.0,40.0,2,1125,57
1287,3,0.0,1.0,1.0,84.0,1,150,301
6690,4,2.0,1.0,2.0,95.0,5,1125,3
1940,2,1.0,1.0,1.0,58.0,4,30,123
5869,4,2.0,1.0,3.0,200.0,2,1125,0
7469,2,1.0,1.0,1.0,139.0,2,15,25
6437,4,1.0,1.0,1.0,65.0,2,13,1
5493,4,2.0,1.5,3.0,150.0,3,5,0
4905,2,1.0,1.5,1.0,85.0,3,9,4
252,3,1.0,1.0,2.0,120.0,5,1125,123
2208,2,1.0,1.0,1.0,88.0,3,90,75
3545,2,1.0,1.0,1.0,40.0,6,30,10
6719,3,1.0,1.0,1.0,92.0,5,7,0
5600,4,1.0,1.0,1.0,75.0,1,1125,0
664,2,1.0,1.0,1.0,84.0,3,730,62
2688,4,2.0,1.0,3.0,95.0,10,1125,36
5386,2,1.0,1.0,2.0,70.0,91,366,1
6379,2,1.0,1.0,1.0,100.0,1,3,0
2712,8,4.0,2.0,7.0,290.0,3,1125,6
2434,4,2.0,1.0,2.0,160.0,5,60,62
3852,7,3.0,1.0,7.0,300.0,2,29,119
4262,4,1.0,1.0,2.0,80.0,2,1125,85
5408,2,1.0,1.0,0.0,130.0,6,30,24
5527,4,1.0,1.0,2.0,115.0,8,365,0
7233,4,0.0,1.0,3.0,100.0,120,300,171
1386,2,1.0,1.0,1.0,80.0,30,45,97
2335,2,1.0,1.0,1.0,59.0,7,1125,58
847,4,2.0,1.0,2.0,160.0,3,60,20
1805,4,1.0,1.0,2.0,113.0,3,730,82
6807,4,1.0,1.0,2.0,92.0,3,1125,150
2450,3,1.0,1.0,2.0,44.0,2,14,17
6778,2,1.0,1.0,1.0,50.0,2,1125,4
5946,2,0.0,1.0,1.0,50.0,4,1125,0
942,3,1.0,1.0,2.0,90.0,5,1125,33
1749,2,1.0,1.0,1.0,75.0,2,1125,38
6012,4,1.0,1.0,3.0,110.0,3,1125,39
5716,2,1.0,1.0,1.0,50.0,7,1125,2
7993,6,2.0,1.0,3.0,135.0,2,1125,114
1621,2,1.0,1.5,1.0,150.0,1,30,0
2996,2,1.0,1.0,1.0,45.0,4,30,7
2103,6,3.0,1.0,5.0,140.0,2,30,28
1685,4,1.0,1.0,2.0,89.0,6,60,57
6747,2,0.0,1.0,2.0,61.0,2,1125,66
7562,2,0.0,1.0,2.0,110.0,5,1125,7
3478,2,1.0,1.0,1.0,68.0,4,1125,54
4614,2,1.0,1.0,2.0,80.0,15,120,2
7297,5,3.0,1.0,3.0,100.0,3,1125,55
1931,4,1.0,1.0,2.0,100.0,2,365,60
1808,6,3.0,2.0,4.0,400.0,2,1125,13
6530,2,1.0,1.0,1.0,120.0,4,30,2
2207,8,4.0,2.0,5.0,300.0,4,1125,23
7932,4,1.0,1.0,2.0,90.0,5,1125,0
7667,4,2.0,1.0,3.0,100.0,3,30,122
6190,2,1.0,2.0,1.0,50.0,2,30,172
3879,4,1.0,1.0,2.0,55.0,2,1125,40
3810,2,1.0,1.0,1.0,70.0,15,1125,7
5906,4,1.0,1.0,2.0,230.0,4,60,64
6153,2,0.0,1.0,1.0,70.0,3,30,0
3586,3,1.0,1.0,1.0,40.0,1,350,56
4525,6,3.0,1.0,3.0,100.0,2,1124,2
2174,4,1.0,1.0,2.0,120.0,4,90,0
5293,2,1.0,1.0,1.0,120.0,1,1125,0
2911,2,1.0,1.0,1.0,45.0,1,4,234
3136,4,0.0,1.0,2.0,88.0,4,6,106
4649,6,3.0,1.0,6.0,170.0,2,60,93
6987,3,0.0,1.0,1.0,40.0,2,28,1
6814,2,0.0,1.0,1.0,50.0,7,1125,6
4365,4,1.0,1.0,1.0,45.0,7,1125,8
7810,2,0.0,1.0,1.0,50.0,5,1125,1
3184,3,2.0,1.0,2.0,109.0,4,1124,148
223,4,1.0,1.0,2.0,100.0,1,30,49
4251,8,3.0,1.0,6.0,69.0,4,1125,9
2649,4,1.0,1.0,2.0,150.0,6,28,2
5203,3,1.0,1.0,2.0,80.0,2,1125,0
5134,2,1.0,1.0,1.0,35.0,4,8,8
172,2,1.0,1.0,1.0,80.0,2,120,7
4169,2,1.0,1.0,2.0,14.0,2,1125,221
7623,1,1.0,1.5,1.0,72.0,1,4,93
2833,3,1.0,2.0,1.0,280.0,4,1125,2
4455,7,2.0,1.0,5.0,166.0,1,90,394
2951,2,0.0,1.0,1.0,55.0,1,1125,0
4674,4,1.0,1.0,1.0,180.0,30,305,24
7749,4,2.0,1.0,3.0,258.0,3,365,12
1854,2,0.0,1.0,1.0,65.0,7,1125,64
7727,2,1.0,1.0,1.0,50.0,1,1125,13
4421,4,1.0,1.0,2.0,78.0,3,50,21
2764,2,1.0,1.0,1.0,90.0,3,7,0
3748,2,1.0,1.0,1.0,75.0,1,1125,24
7463,2,0.0,1.0,1.0,50.0,2,1125,11
1941,4,0.0,1.0,2.0,65.0,3,30,135
7326,4,0.0,1.0,1.0,75.0,6,1125,5
5235,4,2.0,1.0,2.0,145.0,3,1125,19
5084,2,1.0,1.0,1.0,120.0,10,60,30
1475,4,1.0,1.5,2.0,130.0,4,120,7
7028,2,1.0,1.0,0.0,85.0,2,1125,117
3674,2,1.0,1.0,1.0,30.0,5,90,9
7373,6,3.0,1.0,5.0,195.0,2,20,0
3692,1,1.0,2.0,1.0,30.0,5,30,0
5647,3,1.0,1.0,2.0,59.0,2,1125,30
6560,4,1.0,1.0,2.0,55.0,2,21,15
3188,2,0.0,1.0,2.0,60.0,3,13,10
1539,2,1.0,1.0,1.0,95.0,4,7,1
1429,4,1.0,1.0,2.0,68.0,7,120,4
6856,4,1.0,1.0,1.0,55.0,1,1125,4
5223,4,1.0,1.5,2.0,120.0,3,1125,21
2069,2,1.0,1.0,1.0,70.0,4,10,21
323,2,1.0,1.0,0.0,70.0,4,60,78
1719,6,2.0,2.5,3.0,280.0,7,365,98
7712,2,1.0,1.0,1.0,74.0,10,120,38
4477,4,1.0,1.0,2.0,200.0,3,28,53
673,4,1.0,1.0,0.0,90.0,2,30,53
6485,2,1.0,1.0,1.0,59.0,1,1125,0
2540,2,1.0,1.0,1.0,49.0,3,1124,16
6209,2,1.0,1.0,1.0,45.0,4,1124,19
7372,4,1.0,1.0,2.0,76.0,5,1124,31
4726,5,1.0,1.0,3.0,145.0,3,1125,30
4620,4,2.0,1.0,2.0,120.0,3,1125,21
4153,4,1.0,1.0,1.0,120.0,30,120,23
1742,2,1.0,1.0,1.0,45.0,10,120,55
1355,3,1.0,1.0,2.0,100.0,7,90,1
2986,4,1.0,1.0,2.0,139.0,4,365,217
6133,2,1.0,1.0,1.0,50.0,1,1125,1
6926,2,1.0,1.0,1.0,150.0,1,1125,10
1531,4,2.0,1.0,1.0,60.0,3,14,5
4234,2,1.0,1.0,0.0,85.0,1,1125,20
1882,2,1.0,1.0,1.0,115.0,1,1125,165
2179,4,1.0,1.0,2.0,150.0,2,1125,26
2458,2,1.0,1.0,1.0,60.0,3,150,28
3636,3,2.0,1.0,2.0,115.0,5,35,31
5746,2,0.0,1.0,1.0,105.0,1,10,60
229,6,1.0,1.0,1.0,40.0,1,365,18
7263,3,1.0,1.0,2.0,50.0,2,180,4
1415,2,1.0,1.0,1.0,51.0,10,12,3
7155,2,0.0,1.0,1.0,60.0,3,1125,79
97,2,1.0,1.0,1.0,63.0,3,730,0
5545,4,2.0,1.0,3.0,90.0,3,7,8
7069,2,1.0,1.0,1.0,75.0,3,28,13
5308,2,1.0,1.0,1.0,74.0,1,1125,13
4680,2,0.0,1.0,1.0,45.0,3,3,0
1614,4,1.0,1.0,1.0,125.0,1,7,5
531,4,3.0,1.5,3.0,210.0,1,1125,117
7856,2,0.0,1.0,1.0,80.0,7,7,0
6263,2,0.0,1.0,1.0,100.0,90,1125,0
6292,2,1.0,1.0,1.0,195.0,4,1125,17
5898,2,0.0,1.0,1.0,65.0,2,1125,44
7024,4,1.0,1.0,2.0,87.0,4,60,234
6305,1,0.0,1.0,0.0,89.0,1,30,21
576,2,1.0,1.0,2.0,55.0,28,60,1
3074,4,1.0,1.0,1.0,90.0,3,31,20
7030,4,1.0,1.0,2.0,80.0,3,30,42
7358,4,1.0,1.0,1.0,90.0,1,30,4
6766,2,1.0,1.0,1.0,65.0,12,1125,17
6152,2,1.0,1.0,1.0,40.0,8,1125,2
5585,2,1.0,1.0,1.0,90.0,6,1125,0
5901,4,2.0,1.0,3.0,145.0,5,14,0
5153,4,2.0,1.0,2.0,100.0,1,1125,0
6777,2,1.0,1.0,1.0,50.0,1,1125,1
5332,2,0.0,1.5,1.0,28.0,4,1125,147
7829,2,0.0,1.0,1.0,60.0,3,365,3
764,2,0.0,1.0,1.0,42.0,2,180,292
5473,4,1.0,1.0,2.0,85.0,3,28,34
2666,3,1.0,1.0,2.0,110.0,3,10,86
6654,4,2.0,2.0,3.0,220.0,1,1125,0
1526,4,1.0,1.0,1.0,111.0,3,92,12
1258,2,1.0,1.0,1.0,35.0,2,8,0
6718,2,1.0,1.0,1.0,135.0,3,1125,241
5355,5,2.0,1.5,3.0,160.0,4,1125,31
2638,2,1.0,1.0,1.0,40.0,2,62,4
6512,2,0.0,1.0,1.0,50.0,7,1125,0
7388,2,0.0,1.0,1.0,59.0,30,362,152
4828,5,2.0,1.0,2.0,250.0,3,1125,0
1194,2,1.0,1.0,1.0,161.0,3,18,26
743,8,4.0,2.0,5.0,599.0,4,60,26
1817,6,4.0,2.0,5.0,250.0,4,21,0
1394,6,2.0,1.0,2.0,90.0,2,30,122
2762,2,1.0,1.0,1.0,89.0,2,14,53
3959,4,1.0,1.0,2.0,82.0,2,30,84
1354,2,1.0,1.0,1.0,110.0,40,999,151
7044,2,1.0,1.0,1.0,110.0,2,1125,14
7805,2,1.0,1.0,1.0,65.0,4,30,111
7509,2,0.0,1.0,1.0,70.0,3,1125,28
3351,4,2.0,1.0,2.0,149.0,6,14,111
6457,3,1.0,1.0,2.0,75.0,4,14,0
5937,3,1.0,1.0,2.0,70.0,3,1125,47
6345,2,1.0,1.0,1.0,65.0,4,15,26
204,2,1.0,1.0,2.0,40.0,7,730,6
68,3,1.0,1.0,2.0,60.0,3,30,342
6229,4,1.0,1.0,4.0,120.0,6,30,1
5850,4,1.0,1.0,2.0,65.0,2,1125,1
1543,2,0.0,1.0,1.0,75.0,1,90,33
5595,3,0.0,1.0,2.0,50.0,7,1125,3
3065,4,1.0,1.0,2.0,60.0,2,1125,61
5219,2,0.0,1.0,1.0,50.0,2,10,105
7048,5,3.0,1.5,3.0,12.0,2,1125,9
2766,6,3.0,2.0,3.0,150.0,3,1125,18
1875,4,2.0,2.0,2.0,90.0,5,1125,107
2399,2,1.0,1.0,1.0,104.0,2,1125,0
5684,2,0.0,1.0,2.0,70.0,5,1125,120
6445,2,1.0,1.0,1.0,61.0,2,1125,48
4172,3,0.0,1.0,0.0,152.0,3,180,7
4114,2,0.0,1.0,1.0,54.0,5,30,7
2799,2,1.0,1.0,2.0,50.0,7,1125,20
7841,4,1.0,1.0,1.0,99.0,2,1125,5
6794,2,1.0,1.0,1.0,230.0,2,365,66
6641,2,1.0,1.0,1.0,60.0,2,1125,19
3543,4,1.0,1.0,0.0,125.0,3,365,0
4722,2,2.0,2.0,1.0,79.0,2,1125,1
3189,4,1.0,1.0,1.0,145.0,3,1125,13
4101,4,1.0,1.0,2.0,90.0,3,29,3
7526,2,1.0,1.0,1.0,55.0,2,120,16
2363,3,1.0,1.0,2.0,65.0,7,60,43
2676,2,0.0,1.0,1.0,58.0,1,1125,14
3786,6,3.0,2.0,3.0,140.0,4,30,35
2955,2,0.0,1.0,0.0,68.0,2,21,26
3134,2,1.0,1.5,1.0,295.0,3,30,96
6322,2,0.0,1.0,1.0,40.0,3,1125,34
3782,4,2.0,1.0,0.0,75.0,2,1125,2
3089,8,3.0,2.0,6.0,220.0,2,60,28
2721,2,1.0,1.0,1.0,86.0,60,120,4
6281,4,2.0,1.0,2.0,89.0,3,1125,31
4420,3,2.0,1.0,2.0,135.0,15,365,17
2326,2,0.0,1.0,1.0,185.0,3,365,4
7439,4,1.0,1.0,1.0,96.0,30,120,3
707,2,1.0,1.0,1.0,95.0,3,1124,18
7219,2,1.0,1.0,1.0,60.0,3,1125,62
6149,2,1.0,1.0,1.0,80.0,7,1125,0
3802,2,0.0,1.0,1.0,60.0,3,1125,0
7896,8,4.0,2.0,5.0,144.0,3,1125,1
5474,6,2.0,1.0,4.0,80.0,2,1125,0
3329,2,1.0,1.0,1.0,63.0,3,1125,38
5169,4,1.0,1.0,2.0,108.0,30,90,35
6123,2,1.0,1.0,1.0,75.0,2,1125,58
5414,2,0.0,1.0,2.0,95.0,2,1125,15
4995,2,1.0,1.0,1.0,50.0,2,1125,0
2518,9,5.0,2.0,5.0,370.0,3,365,53
7320,1,1.0,1.0,1.0,60.0,1,365,111
5358,5,3.0,2.0,4.0,200.0,3,1125,0
6556,2,1.0,1.0,1.0,44.0,3,30,28
5226,2,0.0,1.0,1.0,90.0,2,1125,4
5,2,1.0,1.0,1.0,75.0,5,120,17
2338,2,0.0,1.0,1.0,73.0,7,30,113
5298,2,0.0,1.0,1.0,71.0,6,15,8
7082,2,2.0,1.0,1.0,120.0,3,1125,0
6577,4,2.0,1.0,2.0,105.0,2,15,84
979,2,1.0,1.0,0.0,69.0,4,15,4
1353,2,1.0,7.0,2.0,24.0,1,100,115
1841,5,3.0,2.0,3.0,220.0,4,60,21
871,3,0.0,1.0,2.0,120.0,4,250,238
394,2,1.0,1.0,1.0,95.0,3,365,53
5767,2,1.0,1.0,1.0,39.0,1,1125,7
7398,2,1.0,1.0,1.0,60.0,4,14,0
167,2,0.0,1.0,1.0,105.0,4,730,49
5069,4,1.0,1.0,2.0,149.0,2,1125,164
7501,4,1.0,1.0,2.0,85.0,2,1125,11
3530,2,0.0,1.0,1.0,80.0,3,1125,23
4692,3,1.0,1.0,1.0,80.0,3,120,207
7886,6,2.0,1.0,3.0,250.0,4,1125,4
5154,1,1.0,2.0,1.0,25.0,5,1125,0
6754,2,1.0,1.0,1.0,110.0,4,15,59
1385,2,1.0,1.0,1.0,130.0,30,300,20
7582,2,1.0,1.0,1.0,60.0,1,60,7
2116,1,1.0,1.0,1.0,36.0,3,1125,129
1291,4,1.0,1.0,2.0,125.0,3,7,93
1470,2,1.0,1.0,1.0,135.0,7,120,79
3820,4,1.0,1.0,2.0,110.0,3,1125,10
7855,2,0.0,1.0,1.0,75.0,8,1125,3
2336,1,1.0,1.0,1.0,59.0,3,1125,12
1011,4,1.0,1.0,2.0,195.0,5,31,45
3204,6,3.0,2.0,4.0,130.0,5,30,30
1497,2,1.0,1.0,1.0,60.0,3,5,157
6880,6,2.0,1.5,3.0,130.0,30,305,94
3178,4,1.0,1.0,2.0,99.0,1,1125,5
3099,4,1.0,1.0,2.0,100.0,1,1125,3
3,3,1.0,1.0,1.0,90.0,3,365,1
330,2,1.0,1.5,1.0,230.0,6,30,60
5856,3,1.0,1.0,2.0,50.0,3,15,0
7740,2,1.0,1.0,1.0,69.0,4,20,3
7368,2,1.0,1.0,1.0,100.0,3,1125,14
2972,2,1.0,1.5,2.0,45.0,2,1125,12
7847,2,2.0,1.0,0.0,60.0,4,1125,14
2076,4,1.0,1.0,2.0,100.0,2,1124,245
1847,6,2.0,1.0,3.0,160.0,2,700,232
7480,2,1.0,1.0,1.0,86.0,1,1125,377
4124,3,1.0,1.0,2.0,47.0,5,1125,60
6889,3,0.0,1.0,2.0,35.0,1,1125,0
6251,2,0.0,1.5,1.0,58.0,2,120,35
5032,4,1.0,1.0,2.0,78.0,3,1125,32
7095,7,4.0,2.0,4.0,450.0,2,1125,114
6100,2,0.0,1.0,2.0,37.0,10,1125,7
3091,4,2.0,2.0,3.0,210.0,7,31,23
4714,2,1.0,1.5,1.0,70.0,3,10,4
3402,4,2.0,1.0,2.0,76.0,91,366,0
4361,4,1.0,1.0,3.0,120.0,14,1124,15
1360,2,1.0,7.0,1.0,24.0,1,100,213
2172,1,1.0,1.0,1.0,45.0,2,15,52
5175,3,1.0,1.0,1.0,250.0,3,365,11
6418,2,1.0,2.0,1.0,50.0,2,1125,81
5669,4,1.0,1.0,2.0,200.0,2,1125,3
77,2,1.0,1.0,1.0,59.0,5,365,38
4927,4,2.0,1.0,2.0,79.0,4,1125,80
7710,4,1.0,1.0,2.0,101.0,2,1125,48
1620,4,2.0,1.0,2.0,70.0,3,6,31
4430,1,1.0,1.0,1.0,90.0,4,7,25
7245,4,2.0,2.0,3.0,324.0,5,30,38
4663,6,3.0,1.0,3.0,180.0,3,150,67
2774,2,2.0,1.0,2.0,170.0,7,61,7
3604,2,1.0,1.0,1.0,100.0,1,1125,0
6398,5,2.0,1.0,3.0,190.0,1,7,0
4801,4,2.0,1.0,2.0,125.0,4,1125,7
2653,4,1.0,1.0,2.0,70.0,2,365,36
1845,6,2.0,1.0,3.0,89.0,4,14,85
1514,2,1.0,1.0,2.0,45.0,1,1125,0
6490,2,1.0,1.0,1.0,85.0,2,1125,18
5141,2,1.0,1.0,1.0,50.0,2,30,9
6169,4,1.0,1.0,2.0,80.0,30,305,53
6010,5,2.0,1.0,2.0,95.0,2,7,0
295,4,1.0,1.5,2.0,45.0,2,365,38
2570,3,1.0,1.0,1.0,65.0,2,1125,4
3739,5,2.0,1.0,2.0,270.0,91,1125,13
2096,5,3.0,1.0,3.0,130.0,3,365,19
835,2,1.0,1.0,1.0,89.0,4,21,21
7371,4,1.0,1.0,1.0,109.0,7,50,1
6853,4,2.0,1.0,0.0,76.0,3,1125,25
2162,2,1.0,1.0,1.0,63.0,1,4,155
6682,2,1.0,1.0,1.0,40.0,5,120,90
5036,6,2.0,2.0,2.0,150.0,2,90,88
4797,3,2.0,1.0,2.0,120.0,2,30,34
7589,2,1.0,1.0,1.0,450.0,14,1125,1
6565,2,1.0,1.0,1.0,60.0,2,31,14
3276,2,0.0,1.0,1.0,55.0,3,20,14
7967,1,1.0,1.0,1.0,55.0,2,30,2
2291,2,1.0,1.0,1.0,60.0,4,1125,85
4460,2,0.0,1.0,1.0,55.0,2,1125,11
1653,4,2.0,1.0,2.0,150.0,2,14,29
7541,1,0.0,1.0,1.0,35.0,6,1125,15
3905,4,1.0,1.0,1.0,160.0,6,1125,44
1872,6,2.0,1.5,6.0,124.0,2,180,69
1020,4,1.0,1.0,2.0,89.0,5,99,37
3686,2,0.0,1.0,1.0,70.0,1,1125,0
7590,3,1.0,1.0,1.0,200.0,3,365,1
2749,3,1.0,1.0,1.0,55.0,3,30,51
140,2,0.0,1.0,1.0,95.0,2,400,172
4883,3,1.0,1.0,2.0,110.0,4,1125,19
3174,2,0.0,1.0,1.0,95.0,5,365,16
6548,2,1.0,1.0,1.0,40.0,2,1125,9
7392,2,0.0,1.0,1.0,60.0,1,1125,0
3547,2,1.0,1.0,1.0,85.0,2,7,3
7578,2,0.0,1.0,2.0,69.0,3,1125,13
4708,2,1.0,1.0,1.0,39.0,3,1125,4
4747,3,0.0,1.0,1.0,69.0,1,1125,206
4781,2,1.0,1.0,1.0,68.0,3,15,47
2656,4,2.0,1.0,3.0,110.0,4,15,28
4274,4,1.0,1.0,2.0,80.0,5,90,20
464,2,1.0,1.0,1.0,60.0,2,30,0
1873,4,1.0,1.0,1.0,119.0,8,12,85
5353,4,1.0,1.0,2.0,64.0,7,20,8
7514,4,1.0,1.0,2.0,95.0,4,1125,36
7989,3,1.0,1.0,2.0,99.0,5,365,195
897,2,1.0,1.0,2.0,70.0,2,200,19
6992,3,1.0,1.0,1.0,80.0,5,1125,28
7160,4,2.0,2.0,4.0,280.0,30,305,8
2213,2,1.0,1.0,1.0,32.0,5,30,8
7129,2,0.0,1.0,1.0,35.0,3,1125,15
1610,2,1.0,1.0,1.0,69.0,4,1125,59
3139,4,1.0,1.0,3.0,120.0,7,90,16
5610,4,1.0,1.0,2.0,75.0,4,1125,1
3612,2,1.0,1.0,1.0,60.0,3,30,10
7725,2,0.0,1.0,1.0,50.0,2,30,13
802,4,1.0,1.0,2.0,60.0,13,1125,17
4557,2,1.0,1.0,1.0,110.0,4,15,0
3925,2,0.0,1.0,1.0,35.0,4,1125,6
7152,2,1.0,1.0,1.0,85.0,3,30,113
201,2,1.0,1.0,1.0,90.0,90,365,8
1912,2,1.0,1.0,1.0,100.0,3,30,45
7011,3,0.0,1.0,2.0,58.0,1,1125,4
5877,5,1.0,1.0,3.0,85.0,4,15,68
3130,4,1.0,1.0,1.0,115.0,1,1124,183
7054,6,2.0,2.0,6.0,260.0,120,364,30
4252,4,1.0,1.0,2.0,120.0,1,1125,0
961,7,4.0,2.0,6.0,415.0,2,21,104
7715,2,0.0,1.0,1.0,75.0,1,365,311
5656,2,1.0,1.0,2.0,50.0,7,1125,10
5495,3,2.0,1.0,2.0,100.0,1,1125,0
5133,2,1.0,1.0,1.0,110.0,365,365,0
6795,3,1.0,1.0,2.0,134.0,1,1125,232
291,2,1.0,1.0,1.0,55.0,3,30,135
4591,2,1.0,1.0,1.0,84.0,2,7,13
7626,2,1.0,1.0,1.0,45.0,1,2,21
7832,2,1.0,1.0,1.0,190.0,3,1125,20
6141,4,2.0,1.0,3.0,90.0,3,20,11
7575,5,2.0,1.0,1.0,120.0,2,1124,35
67,2,1.0,1.0,1.0,250.0,2,365,87
813,4,2.0,1.0,3.0,140.0,7,30,0
4783,5,2.0,1.0,3.0,80.0,4,1125,17
6832,2,1.0,1.0,1.0,68.0,4,1124,10
384,2,1.0,1.0,1.0,60.0,2,365,27
3222,3,1.0,1.0,2.0,65.0,2,365,1
3821,2,1.0,1.0,1.0,12.0,3,1125,16
4373,2,0.0,1.0,1.0,44.0,2,45,55
467,4,1.0,1.0,3.0,115.0,2,15,231
3926,2,0.0,1.0,1.0,140.0,1,1125,3
5361,5,2.0,1.5,3.0,120.0,4,1125,0
4952,6,4.0,2.0,4.0,220.0,4,30,2
5526,2,2.0,1.0,1.0,139.0,4,15,0
1515,2,1.0,1.0,1.0,70.0,1,30,0
4513,4,2.0,1.0,2.0,100.0,2,1125,85
890,2,1.0,1.0,1.0,79.0,4,365,76
5341,5,2.0,1.0,3.0,199.0,4,60,83
4425,2,1.0,1.0,1.0,60.0,3,12,52
5061,2,1.0,1.0,1.0,190.0,2,1125,69
2033,4,2.0,1.0,2.0,139.0,6,50,29
2219,4,2.0,1.5,4.0,145.0,3,15,66
6009,1,1.0,0.5,1.0,35.0,14,1125,15
1957,3,1.0,1.0,2.0,210.0,4,365,58
373,8,3.0,1.0,4.0,149.0,4,60,20
1054,2,1.0,1.0,1.0,55.0,2,8,32
6933,4,1.0,1.0,2.0,65.0,2,1125,15
7758,4,2.0,1.0,2.0,169.0,2,1125,10
4236,2,1.0,1.0,1.0,90.0,3,1125,37
251,1,1.0,0.5,1.0,25.0,30,305,8
7350,5,3.0,1.0,5.0,190.0,3,1125,15
7085,2,1.0,1.0,1.0,60.0,2,1125,125
3243,2,1.0,1.0,1.0,65.0,3,10,158
2514,1,1.0,1.0,1.0,54.0,1,1125,295
5319,3,2.0,1.0,2.0,85.0,3,15,0
2481,4,1.0,1.0,0.0,125.0,3,769,0
6454,4,1.0,1.0,2.0,100.0,10,20,11
7122,6,2.0,1.0,3.0,110.0,2,1125,41
2125,3,1.0,1.0,2.0,165.0,3,365,1
4009,4,1.0,1.0,2.0,200.0,2,1125,143
6352,4,2.0,1.0,2.0,120.0,1,1125,0
1628,2,1.0,1.0,2.0,50.0,2,21,2
2474,2,1.0,1.0,1.0,110.0,2,1125,27
5126,4,1.0,1.0,2.0,45.0,10,1125,13
1866,2,1.0,1.0,1.0,89.0,5,14,12
989,2,1.0,1.0,1.0,56.0,3,14,22
4141,2,1.0,1.0,1.0,95.0,1,60,15
7317,6,3.0,1.5,5.0,280.0,2,1125,81
4265,1,1.0,1.0,1.0,47.0,3,10,206
1727,7,3.0,2.0,4.0,215.0,4,1125,29
827,2,1.0,1.0,1.0,19.0,2,1125,91
2087,8,4.0,2.0,5.0,250.0,5,365,38
3628,2,1.0,1.0,1.0,35.0,17,21,51
5959,2,1.0,1.5,1.0,85.0,6,1125,16
3417,4,2.0,1.0,3.0,100.0,3,1125,23
378,3,1.0,1.5,1.0,126.0,4,1125,45
7641,2,1.0,1.0,1.0,150.0,2,1125,34
5728,4,1.0,1.0,2.0,55.0,1,5,1
1759,2,1.0,1.0,1.0,75.0,3,21,0
4568,3,2.0,1.0,2.0,148.0,3,6,63
2351,2,1.0,1.0,1.0,50.0,4,365,28
6189,2,1.0,1.0,1.0,42.0,2,7,7
4432,2,1.0,1.0,1.0,100.0,8,30,35
3055,1,0.0,1.0,2.0,75.0,30,305,16
5170,2,1.0,1.0,1.0,80.0,1,1125,0
7427,4,2.0,2.0,3.0,350.0,5,30,19
4052,6,2.0,1.0,3.0,85.0,7,60,5
3281,2,1.0,1.0,1.0,52.0,2,1125,92
6919,6,2.0,2.0,0.0,101.0,4,20,11
1760,4,1.0,1.0,1.0,70.0,2,14,15
6129,5,1.0,1.0,3.0,79.0,3,1125,23
7734,4,1.0,1.0,1.0,60.0,7,11,0
4951,3,1.0,1.0,2.0,85.0,3,15,10
4277,3,1.0,1.0,2.0,135.0,3,1125,1
4756,2,1.0,1.0,1.0,55.0,7,30,20
1493,2,1.0,1.0,2.0,110.0,2,120,3
318,3,1.0,1.0,3.0,97.0,365,1125,44
7660,2,1.0,1.0,1.0,56.0,2,1125,8
4078,2,0.0,1.0,1.0,60.0,1,1125,5
3330,2,1.0,1.0,1.0,115.0,3,1125,48
6974,3,1.0,1.0,1.0,65.0,3,35,6
415,2,1.0,1.0,0.0,50.0,2,1125,2
6191,4,1.0,1.0,2.0,100.0,1,1125,0
3229,2,0.0,1.0,1.0,36.0,2,10,29
2404,2,2.0,1.0,4.0,69.0,6,1125,27
4840,4,2.0,1.0,3.0,400.0,4,30,43
7595,6,2.0,2.5,3.0,399.0,2,1125,75
436,4,1.0,1.0,1.0,92.0,3,365,86
6185,2,1.0,1.0,1.0,75.0,3,30,108
4615,1,1.0,1.0,1.0,69.0,7,180,18
7172,2,0.0,1.0,1.0,37.0,1,1125,6
7800,3,1.0,1.0,1.0,60.0,7,15,5
4648,4,1.0,1.0,1.0,85.0,5,1125,10
1105,5,1.0,1.0,4.0,190.0,5,60,205
4110,2,1.0,1.0,1.0,95.0,3,100,13
2318,2,1.0,1.0,2.0,149.0,90,365,0
7750,2,1.0,1.0,1.0,88.0,2,20,14
2543,2,1.0,1.0,1.0,93.0,3,21,72
5756,2,1.0,1.0,1.0,50.0,5,60,15
7795,4,1.0,1.0,2.0,55.0,30,120,73
4,2,1.0,1.0,1.0,75.0,180,365,0
2936,2,1.0,1.0,1.0,90.0,3,15,46
6289,2,2.0,2.0,1.0,150.0,5,1125,1
4744,11,4.0,2.5,9.0,485.0,3,35,181
1738,2,1.0,1.0,1.0,50.0,1,21,1
4464,2,1.0,1.0,1.0,59.0,3,30,18
3369,2,1.0,1.0,1.0,75.0,4,30,57
499,5,2.0,1.0,2.0,150.0,4,22,81
2801,5,2.0,1.0,2.0,250.0,7,28,0
2648,2,1.0,1.0,1.0,110.0,3,14,11
6432,4,2.0,1.5,2.0,105.0,5,30,93
481,3,2.0,1.0,1.0,130.0,2,21,163
7529,4,2.0,2.0,2.0,300.0,3,8,33
5225,6,3.0,2.0,5.0,599.0,1,1125,66
174,6,3.0,2.5,4.0,389.0,3,600,38
5177,4,1.0,1.0,1.0,65.0,2,1125,3
7107,4,1.0,1.0,3.0,98.0,4,1125,60
5873,2,1.0,1.0,2.0,100.0,4,1125,205
1572,2,1.0,1.0,1.0,120.0,3,10,2
931,2,1.0,1.0,1.0,61.0,3,30,56
2977,4,1.0,1.0,3.0,95.0,3,1125,26
2973,2,0.0,1.5,1.0,55.0,4,30,6
3010,6,3.0,1.0,4.0,250.0,91,1125,30
1645,2,1.0,1.0,1.0,99.0,1,30,233
4088,4,2.0,1.0,2.0,150.0,7,1125,36
2394,12,5.0,2.5,7.0,350.0,1,28,253
5860,2,1.0,2.0,1.0,60.0,5,1125,2
4719,2,1.0,1.0,1.0,75.0,2,21,271
2960,2,1.0,1.0,1.0,80.0,3,1125,9
2888,4,1.0,1.0,2.0,70.0,2,60,56
709,2,1.0,1.0,1.0,72.0,29,1000,31
336,4,1.0,1.0,1.0,295.0,4,365,25
4505,2,1.0,1.0,1.0,45.0,2,1125,18
7207,2,1.0,1.0,1.0,48.0,2,5,17
7190,2,1.0,1.0,0.0,30.0,1,5,80
3377,4,1.0,1.0,2.0,128.0,6,1000,159
7189,2,0.0,1.0,1.0,45.0,3,1125,2
1945,2,0.0,0.5,1.0,57.0,2,30,34
5837,4,1.0,1.0,2.0,31.0,2,1125,22
7235,2,1.0,1.0,1.0,26.0,2,1125,6
3540,2,0.0,1.0,1.0,60.0,1,1125,62
2048,4,1.0,1.0,3.0,170.0,3,25,28
711,2,1.0,1.0,0.0,79.0,3,365,96
6822,2,1.0,1.0,0.0,80.0,7,60,26
797,2,1.0,1.5,1.0,83.0,1,90,298
365,4,1.0,1.0,3.0,98.0,2,13,26
7080,2,1.0,1.0,1.0,90.0,4,365,24
6300,6,2.0,1.0,5.0,160.0,4,365,29
7898,2,0.0,1.0,2.0,125.0,3,14,2
723,2,1.0,1.0,1.0,74.0,5,30,16
5097,2,0.0,1.0,1.0,35.0,1,200,1
2163,6,2.0,1.0,3.0,184.0,3,366,18
7205,2,0.0,1.0,1.0,70.0,3,30,4
6213,4,0.0,1.0,2.0,65.0,3,1125,18
3318,4,1.0,1.0,2.0,80.0,2,1125,85
3494,4,3.0,2.5,4.0,150.0,3,20,18
3538,2,1.0,1.0,1.0,79.0,1,365,417
6219,4,2.0,1.0,2.0,90.0,3,30,4
584,5,3.0,0.0,4.0,250.0,5,1125,9
5802,4,1.0,1.0,2.0,100.0,21,1125,1
1275,2,1.0,1.0,1.0,85.0,5,31,3
3451,2,0.0,1.0,2.0,45.0,120,305,29
3031,2,1.0,1.0,1.0,89.0,4,1125,143
5812,2,0.0,1.0,1.0,65.0,2,1125,5
6291,4,1.0,1.0,2.0,120.0,1,14,6
6459,3,1.0,1.0,2.0,90.0,2,1125,6
405,6,2.0,1.5,4.0,90.0,3,60,42
3938,3,0.0,1.0,2.0,121.0,2,20,0
5507,4,1.0,1.0,1.0,250.0,3,31,3
6805,2,1.0,1.0,1.0,80.0,4,1125,7
2633,5,1.0,1.0,3.0,75.0,4,21,11
785,2,0.0,1.0,1.0,90.0,3,60,133
156,3,1.0,1.0,2.0,90.0,2,730,193
4392,2,1.0,1.0,1.0,50.0,2,20,0
1831,2,1.0,1.0,1.0,69.0,2,90,50
1247,4,2.0,1.0,3.0,600.0,1,1125,0
523,2,1.0,1.0,1.0,79.0,3,1125,157
3556,2,0.0,1.0,1.0,95.0,3,91,9
4978,2,1.0,1.0,1.0,90.0,3,10,1
6376,2,0.0,1.0,1.0,74.0,7,1125,0
6389,2,1.0,1.0,1.0,59.0,5,1125,205
3749,2,0.0,1.0,1.0,31.0,4,1125,199
6024,2,1.0,1.0,1.0,85.0,7,28,129
429,4,1.0,1.0,1.0,129.0,9,300,131
6025,2,1.0,1.0,1.0,75.0,5,10,0
738,2,0.0,1.0,1.0,55.0,3,1125,218
2199,4,3.0,1.0,3.0,220.0,7,30,0
7968,2,1.0,1.0,2.0,68.0,7,31,20
954,3,1.0,1.0,2.0,150.0,5,50,3
7911,4,2.0,2.0,3.0,130.0,2,1125,8
2682,4,2.0,1.0,3.0,90.0,180,180,0
6254,4,3.0,1.0,4.0,150.0,5,1125,0
5136,2,1.0,1.0,1.0,50.0,2,1125,7
4998,2,1.0,1.0,1.0,120.0,1,1125,61
5173,4,2.0,1.0,2.0,125.0,1,1125,4
5465,4,1.0,1.0,2.0,120.0,2,1125,42
7771,2,1.0,1.0,1.0,99.0,2,1125,11
6250,2,1.0,1.0,1.0,75.0,10,1125,0
3232,4,1.0,1.0,2.0,80.0,4,10,0
6742,4,2.0,1.0,3.0,90.0,60,1125,2
220,3,2.0,1.0,2.0,120.0,4,20,94
3038,5,2.0,1.0,2.0,230.0,91,1125,16
4999,4,1.0,1.0,2.0,85.0,2,1125,29
5487,4,0.0,1.0,2.0,50.0,30,300,214
4755,2,0.0,1.0,1.0,59.0,7,1125,0
2337,2,1.0,1.0,2.0,50.0,2,1125,5
886,2,1.0,1.0,1.0,70.0,3,70,74
2234,2,1.0,1.0,1.0,120.0,5,14,0
4539,4,1.0,1.0,2.0,70.0,2,15,37
1607,2,0.0,1.0,0.0,69.0,30,300,7
7846,2,1.0,1.0,1.0,100.0,1,1125,0
5931,5,2.0,1.0,3.0,65.0,2,50,6
5912,1,1.0,1.0,1.0,35.0,7,1125,7
1168,2,1.0,1.0,1.0,90.0,2,365,63
4670,2,1.0,1.0,1.0,55.0,3,15,33
6034,2,1.0,1.0,1.0,50.0,3,1125,24
6222,2,1.0,1.0,1.0,71.0,1,15,8
1233,2,1.0,1.0,1.0,60.0,3,1125,7
3421,2,1.0,1.0,1.0,85.0,2,18,25
7776,2,1.0,1.0,2.0,68.0,5,1125,0
7848,2,1.0,1.0,1.0,35.0,15,1125,5
4758,3,1.0,1.0,1.0,70.0,3,1125,1
3284,6,3.0,1.0,4.0,145.0,3,1125,39
3193,2,1.0,1.0,1.0,175.0,3,7,0
7303,4,2.0,1.0,2.0,115.0,2,30,1
767,4,2.0,1.0,2.0,55.0,2,30,43
6985,2,0.0,1.0,1.0,70.0,5,1125,103
7032,5,2.0,1.0,3.0,99.0,1,1125,292
7919,2,1.0,1.0,1.0,60.0,1,1125,1
1490,8,4.0,2.5,6.0,340.0,6,21,25
2690,4,2.0,2.0,2.0,100.0,2,7,2
7362,4,2.0,1.0,2.0,85.0,1,1125,8
1453,2,1.0,0.5,0.0,59.0,4,50,11
7416,3,1.0,1.0,1.0,128.0,91,1125,3
3355,4,2.0,1.5,2.0,190.0,6,1125,18
6167,4,1.0,1.0,2.0,195.0,2,1125,67
4645,4,1.0,1.0,2.0,135.0,3,1125,82
4019,2,0.0,1.0,1.0,79.0,2,365,282
2126,2,0.0,1.0,1.0,137.0,3,365,1
4976,4,1.0,1.0,0.0,100.0,2,1125,23
2904,3,1.0,1.0,1.0,35.0,1,7,188
2019,4,1.0,1.0,1.0,115.0,2,365,94
6016,2,1.0,1.0,0.0,55.0,2,1125,54
3198,2,0.0,1.0,1.0,49.0,2,365,151
1205,1,0.0,1.0,1.0,39.0,265,1125,0
1230,6,1.0,1.0,3.0,125.0,2,1125,130
7351,2,1.0,1.0,2.0,67.0,15,1125,2
5022,6,3.0,1.0,4.0,110.0,3,1125,19
7939,6,3.0,2.0,4.0,245.0,4,1125,18
419,3,1.0,1.0,2.0,95.0,3,30,2
6318,1,1.0,1.0,1.0,35.0,1,1125,16
2362,4,1.0,1.0,2.0,45.0,7,1125,2
7027,4,0.0,1.0,2.0,78.0,2,1125,302
3053,4,2.0,1.0,2.0,120.0,2,1124,57
2171,2,1.0,1.0,1.0,65.0,4,1125,7
6819,2,1.0,2.0,1.0,36.0,2,30,13
7324,4,1.0,1.0,2.0,69.0,6,1125,0
3560,4,1.0,1.0,2.0,65.0,10,30,2
1496,3,1.0,1.0,2.0,220.0,2,1124,57
495,3,1.0,1.0,1.0,100.0,3,1125,127
5915,4,1.0,1.0,1.0,95.0,5,15,43
3523,2,1.0,1.0,1.0,38.0,3,1125,2
1351,4,2.0,1.0,2.0,190.0,5,21,4
6870,1,1.0,1.0,1.0,55.0,2,62,4
1162,4,1.0,1.0,2.0,66.0,4,15,6
487,2,1.0,1.0,1.0,40.0,21,21,0
7869,3,1.0,1.0,1.0,80.0,2,14,36
4116,11,6.0,3.0,7.0,300.0,2,30,29
3097,3,1.0,1.0,1.0,50.0,5,14,78
6062,2,1.0,1.0,1.0,38.0,1,1125,45
577,5,2.0,2.0,3.0,200.0,3,1125,29
6047,4,2.0,1.0,2.0,50.0,10,25,25
3486,2,1.0,1.5,1.0,38.0,28,1125,48
7336,2,1.0,1.0,1.0,125.0,3,1125,5
1147,2,1.0,1.0,2.0,50.0,180,1825,0
2142,4,2.0,2.0,2.0,367.0,3,365,9
5968,5,2.0,1.0,3.0,250.0,14,1125,0
5942,4,1.0,1.0,2.0,240.0,1,1125,10
7735,2,1.0,1.0,1.0,63.0,2,8,7
3129,4,2.0,1.0,4.0,60.0,2,10,60
5722,6,2.0,1.0,3.0,110.0,2,112,104
7226,4,1.0,1.0,2.0,108.0,91,366,0
1952,5,2.0,2.0,3.0,150.0,30,120,83
7677,2,1.0,1.0,2.0,100.0,1,1125,2
892,6,2.0,1.0,3.0,260.0,2,365,139
1188,2,1.0,1.0,1.0,50.0,5,1001,64
6132,5,3.0,1.0,3.0,130.0,4,18,35
1157,4,2.0,1.0,2.0,68.0,2,21,3
5929,3,0.0,1.0,1.0,33.0,30,60,13
2626,4,2.0,1.0,2.0,76.0,4,1125,1
6066,7,2.0,1.0,3.0,180.0,2,15,27
7319,2,1.0,1.0,2.0,95.0,3,1125,30
3611,2,0.0,1.0,1.0,45.0,5,1124,71
3687,4,1.0,1.0,1.0,80.0,4,50,26
3424,6,2.0,2.0,4.0,110.0,4,31,29
7414,2,0.0,1.0,1.0,69.0,2,5,111
7420,4,2.0,1.0,2.0,55.0,4,30,5
6275,2,0.0,1.0,1.0,99.0,1,1125,38
5963,2,0.0,1.0,2.0,80.0,1,1125,0
1574,2,0.0,1.5,1.0,90.0,1,1125,88
2323,2,0.0,1.0,2.0,168.0,4,90,50
4872,2,0.0,1.0,1.0,80.0,4,90,9
3656,4,1.0,1.0,2.0,211.0,5,60,2
200,2,1.0,1.0,1.0,90.0,3,365,35
1753,2,1.0,1.0,1.0,80.0,2,31,12
2945,4,1.0,1.0,2.0,50.0,1,1125,0
5795,5,1.0,1.0,3.0,75.0,30,305,34
162,2,1.0,1.0,1.0,53.0,5,30,37
6867,4,1.0,1.0,2.0,50.0,17,120,3
5379,2,0.0,1.0,1.0,65.0,5,1125,8
3453,3,1.0,1.0,2.0,170.0,3,30,59
5954,2,1.0,1.0,2.0,65.0,2,1125,2
4082,2,1.0,1.0,1.0,95.0,3,365,5
5785,3,2.0,1.0,2.0,45.0,15,60,1
2281,4,1.0,1.0,2.0,95.0,4,20,4
2407,6,2.0,1.0,4.0,189.0,7,25,50
4754,2,1.0,1.0,1.0,85.0,4,1125,11
6632,6,2.0,2.0,3.0,290.0,3,1125,134
5248,2,2.0,1.0,1.0,150.0,1,1125,0
1124,2,1.0,1.0,1.0,80.0,4,30,67
3932,2,1.0,1.0,1.0,150.0,7,30,12
7581,2,1.0,1.0,1.0,65.0,1,1125,6
2309,4,2.0,1.5,3.0,150.0,2,15,51
80,2,1.0,1.0,1.0,90.0,4,30,52
2989,2,1.0,1.0,1.0,75.0,7,1125,7
7140,4,2.0,1.0,2.0,180.0,2,1125,8
3319,4,1.0,1.0,2.0,200.0,1,365,260
3440,4,2.0,1.0,2.0,130.0,6,1125,0
1224,2,1.0,1.0,1.0,90.0,4,365,182
5310,2,2.0,1.0,1.0,70.0,3,1125,47
4548,2,1.0,1.0,1.0,70.0,2,65,30
4791,2,1.0,1.0,1.0,98.0,4,1125,9
4408,2,1.0,1.0,1.0,1000.0,1,1125,0
3422,2,0.0,1.0,1.0,65.0,3,90,105
3250,2,1.0,1.0,1.0,60.0,1,1125,20
7865,2,1.0,1.0,1.0,75.0,3,7,0
4378,5,3.0,1.0,4.0,115.0,2,1125,5
6307,4,1.0,1.0,1.0,130.0,1,1125,0
5730,2,1.0,1.0,1.0,60.0,2,1125,32
3779,4,1.0,1.0,2.0,99.0,4,27,180
7532,4,1.0,1.0,2.0,175.0,1,10,28
3651,4,3.0,1.0,4.0,100.0,7,1125,0
4702,2,1.0,1.0,1.0,67.0,2,30,60
6172,2,1.0,1.0,1.0,135.0,1,1125,189
4040,1,1.0,1.0,1.0,44.0,3,30,86
3067,4,1.0,1.5,2.0,65.0,7,50,0
5452,6,3.0,3.0,3.0,200.0,5,1125,33
5546,2,1.0,1.0,1.0,105.0,5,30,45
5742,2,0.0,1.0,2.0,50.0,2,1125,2
7356,2,0.0,1.0,1.0,75.0,1,1125,0
1570,3,1.0,1.0,1.0,115.0,3,1125,40
4463,2,1.0,1.0,1.0,99.0,2,21,80
107,4,2.0,1.5,3.0,320.0,2,1125,15
6603,4,1.0,1.0,2.0,70.0,6,1125,6
3446,6,2.0,1.0,4.0,210.0,30,305,110
3498,2,1.0,1.0,1.0,60.0,2,1125,3
1613,4,1.0,1.0,2.0,105.0,1,120,99
178,2,1.0,1.0,1.0,150.0,4,30,221
3721,6,2.0,1.0,4.0,240.0,4,1125,173
4107,7,3.0,1.0,4.0,143.0,3,1125,96
1018,4,1.0,1.0,1.0,99.0,30,305,108
4988,2,1.0,1.0,1.0,80.0,30,305,13
6886,1,1.0,1.0,1.0,45.0,2,6,165
311,4,1.0,1.0,2.0,75.0,7,150,19
7543,4,1.0,1.0,2.0,90.0,3,1125,2
5992,4,1.0,1.0,2.0,115.0,3,30,0
728,6,3.0,1.5,2.0,80.0,6,25,7
3121,2,1.0,1.0,1.0,95.0,4,20,21
3191,8,3.0,3.0,7.0,690.0,6,1125,28
6380,2,1.0,1.0,2.0,55.0,3,1125,24
3764,2,1.0,1.0,1.0,60.0,2,1125,0
5454,2,1.0,1.0,1.0,75.0,2,1125,5
3899,2,0.0,1.0,1.0,70.0,270,1125,35
1450,2,1.0,1.0,1.0,79.0,1,21,10
6495,2,1.0,1.0,1.0,90.0,2,1125,8
6787,4,1.0,1.0,1.0,199.0,30,1124,89
6031,2,2.0,1.0,1.0,150.0,3,1125,0
4037,4,2.0,2.0,2.0,300.0,4,30,131
3685,2,1.0,1.0,1.0,58.0,10,50,34
4495,4,1.0,1.0,2.0,69.0,3,1125,15
3761,4,2.0,2.0,4.0,85.0,4,31,59
6566,2,0.0,1.0,1.0,80.0,3,1125,0
299,2,1.0,1.0,1.0,55.0,3,30,1
2064,1,1.0,1.0,1.0,52.0,3,30,63
5299,2,1.0,1.0,0.0,128.0,3,60,44
5936,3,1.0,1.0,1.0,150.0,14,30,0
4064,6,2.0,1.0,1.0,90.0,2,1125,38
5515,4,2.0,1.0,2.0,190.0,3,1125,2
2506,6,2.0,2.0,2.0,190.0,7,18,0
2732,2,1.0,1.0,1.0,55.0,2,1125,17
7571,4,3.0,1.0,3.0,240.0,3,1125,1
7101,2,0.0,1.0,1.0,80.0,30,365,138
6569,2,1.0,1.0,1.0,60.0,2,1125,2
7858,6,3.0,2.0,3.0,200.0,14,1125,14
7348,2,1.0,1.0,1.0,100.0,91,1125,5
3542,2,1.0,1.0,1.0,60.0,7,365,22
6980,3,1.0,1.0,1.0,130.0,1,1125,24
1019,2,1.0,1.0,1.0,90.0,3,1125,10
3972,2,1.0,1.0,1.0,89.0,5,1125,29
6237,1,1.0,1.0,1.0,30.0,10,1125,3
1956,3,1.0,1.0,3.0,80.0,2,120,60
2138,3,2.0,1.0,2.0,75.0,4,1125,1
3559,2,0.0,1.0,1.0,65.0,92,92,1
2637,5,1.0,2.0,3.0,220.0,2,20,2
2089,4,1.0,1.0,2.0,100.0,4,14,14
219,4,2.0,1.0,2.0,95.0,6,25,9
5692,5,2.0,2.0,3.0,169.0,1,365,56
4963,2,1.0,1.0,1.0,75.0,2,1000,20
2442,2,1.0,1.0,1.0,85.0,4,1125,185
5148,7,4.0,2.0,4.0,450.0,7,30,0
5900,3,0.0,1.0,1.0,66.0,3,1125,20
3702,1,1.0,1.0,1.0,50.0,1,1125,378
3258,5,2.0,1.5,3.0,200.0,91,1125,30
3898,1,1.0,1.0,1.0,60.0,3,30,273
4084,2,1.0,1.0,1.0,37.0,3,1125,66
1662,2,1.0,1.0,0.0,62.0,1,180,376
1328,4,2.0,1.0,4.0,42.0,8,150,10
6713,4,2.0,1.0,3.0,93.0,3,1125,5
5066,4,1.0,1.0,2.0,140.0,5,1125,87
2094,3,1.0,1.0,1.0,120.0,6,90,93
3549,4,0.0,1.0,2.0,150.0,3,1125,86
6891,4,1.0,1.0,2.0,60.0,3,30,6
2663,2,1.0,1.0,1.0,143.0,30,1125,8
2012,2,0.0,1.0,1.0,50.0,3,93,9
2802,3,1.0,1.0,2.0,50.0,3,1125,24
2157,4,1.0,1.0,1.0,200.0,1,90,144
1121,2,1.0,1.0,1.0,110.0,2,1125,156
3615,4,2.0,1.0,2.0,75.0,5,1125,41
3315,1,0.0,1.0,1.0,29.0,6,1125,107
139,2,1.0,1.0,2.0,60.0,2,1125,3
5095,2,0.0,1.0,1.0,119.0,2,1125,29
3753,2,1.0,1.0,1.0,70.0,7,1125,0
851,5,3.0,2.0,3.0,100.0,3,28,6
6045,6,2.0,1.0,3.0,69.0,4,1125,3
1673,2,1.0,1.0,1.0,28.0,1,4,15
3435,4,1.0,1.0,3.0,79.0,4,1125,146
2187,3,2.0,1.0,2.0,95.0,7,1125,2
609,3,0.0,1.0,1.0,35.0,3,20,13
1984,4,1.0,1.0,1.0,65.0,3,28,200
28,2,0.0,1.0,1.0,49.0,7,1125,82
6422,2,1.0,1.5,1.0,53.0,2,15,149
2585,4,2.0,1.0,2.0,110.0,3,1125,0
687,2,1.0,1.0,1.0,60.0,3,39,115
5144,4,1.0,1.0,2.0,95.0,4,1125,15
2230,2,1.0,1.0,1.0,64.0,2,21,250
5342,2,1.0,1.0,1.0,90.0,1,1125,26
4519,2,1.0,1.0,1.0,110.0,1,7,10
1736,5,2.0,1.0,3.0,150.0,7,1124,17
7052,1,1.0,2.0,3.0,50.0,5,1125,3
4737,3,0.0,1.0,2.0,45.0,10,169,14
4266,4,1.0,1.0,2.0,65.0,3,31,15
1810,2,1.0,1.0,1.0,69.0,2,1125,33
361,2,1.0,1.0,1.0,80.0,3,31,24
147,3,1.0,1.0,2.0,135.0,3,20,95
2494,3,1.0,1.0,2.0,135.0,5,1125,35
2800,2,0.0,1.0,1.0,127.0,90,365,3
2136,4,1.0,1.0,1.0,60.0,2,30,16
3745,2,0.0,1.0,1.0,150.0,365,1125,0
3085,2,1.0,2.0,1.0,70.0,3,21,34
2233,3,1.0,1.0,2.0,50.0,8,60,28
6783,1,1.0,1.0,1.0,35.0,1,1125,0
1734,1,0.0,1.0,1.0,39.0,1,1125,350
6018,6,2.0,2.0,3.0,180.0,5,1124,16
4061,2,1.0,1.0,0.0,75.0,5,1125,17
7380,4,2.0,2.0,2.0,240.0,3,1125,27
6626,4,1.0,1.0,2.0,69.0,2,15,0
5715,2,1.0,1.0,1.0,89.0,6,22,0
4415,2,0.0,1.0,1.0,80.0,1,1125,9
2433,6,2.0,1.0,5.0,350.0,1,28,5
1418,2,1.0,1.0,1.0,59.0,7,30,18
4507,2,1.0,1.0,1.0,50.0,2,7,3
3169,3,1.0,1.0,1.0,145.0,91,1125,8
2279,2,1.0,1.5,1.0,45.0,3,30,100
2587,2,1.0,1.0,1.0,52.0,2,21,3
5350,6,3.0,1.0,5.0,150.0,7,1125,3
5228,4,2.0,1.0,2.0,70.0,4,1125,16
7912,4,1.0,1.0,2.0,119.0,1,1125,285
1729,2,1.0,1.0,2.0,65.0,2,90,231
4930,4,3.0,1.0,3.0,100.0,2,1125,22
5841,4,0.0,1.0,2.0,130.0,2,1125,315
3965,2,1.0,1.0,1.0,254.0,2,1125,2
545,2,1.0,1.0,1.0,44.0,1,2,219
1658,9,3.0,2.0,3.0,225.0,5,14,12
4925,6,3.0,2.0,5.0,490.0,1,1125,35
3114,2,1.0,1.0,1.0,60.0,1,60,17
6001,4,2.0,1.0,2.0,180.0,1,1125,0
4587,2,1.0,1.0,1.0,60.0,1,7,54
669,3,1.0,1.0,2.0,322.0,2,31,49
1395,2,1.0,1.0,0.0,69.0,2,10,20
3111,6,3.0,2.0,3.0,388.0,6,1125,32
6810,4,1.0,1.0,2.0,80.0,1,1125,0
3199,4,1.0,1.0,2.0,146.0,1,1125,203
4526,4,2.0,1.0,4.0,74.0,1,15,122
3711,3,0.0,1.0,2.0,60.0,1,300,62
7482,4,1.0,1.0,2.0,78.0,2,1125,14
203,4,1.0,1.0,2.0,110.0,3,365,177
7334,2,1.0,1.0,1.0,90.0,7,15,19
2405,1,1.0,1.0,1.0,35.0,2,2,151
7468,2,1.0,1.0,1.0,110.0,3,1125,4
1364,2,1.0,1.0,1.0,60.0,3,40,1
7216,1,1.0,1.0,1.0,48.0,1,1125,42
2202,4,2.0,1.0,2.0,125.0,2,1125,21
5559,2,1.0,2.0,1.0,30.0,5,14,3
3157,4,1.0,1.0,2.0,120.0,5,20,19
6033,6,3.0,1.5,5.0,260.0,3,1125,50
4403,4,1.0,1.0,2.0,100.0,7,365,3
3717,1,1.0,1.0,1.0,50.0,1,1125,0
1518,4,1.0,1.0,2.0,70.0,3,365,218
1987,3,0.0,1.0,2.0,98.0,3,365,43
1413,3,1.0,1.0,2.0,95.0,3,1125,29
1633,4,1.0,1.0,2.0,55.0,4,55,72
3704,2,1.0,1.0,1.0,30.0,3,1125,0
4583,4,2.0,1.0,2.0,170.0,2,15,2
1339,4,2.0,1.0,3.0,210.0,2,4,50
5614,2,1.0,1.5,2.0,120.0,2,1125,15
1739,2,1.0,1.0,1.0,70.0,2,30,12
5253,2,1.0,1.0,1.0,200.0,3,50,138
4871,6,2.0,2.0,4.0,150.0,3,31,43
7498,2,0.0,1.0,1.0,55.0,2,7,11
5560,5,3.0,1.0,3.0,300.0,3,1125,20
4097,1,1.0,1.0,1.0,30.0,2,8,55
4299,4,1.0,1.0,2.0,120.0,5,1125,56
3929,3,1.0,1.0,1.0,65.0,4,10,0
6168,4,2.0,1.5,2.0,119.0,7,25,17
3008,2,1.0,1.0,1.0,84.0,3,1125,11
4471,2,1.0,1.0,1.0,70.0,10,1125,12
1999,4,1.0,1.0,2.0,145.0,2,10,59
1454,2,1.0,1.0,1.0,100.0,2,7,39
2776,4,2.0,1.0,3.0,78.0,7,31,41
5373,4,2.0,1.0,2.0,100.0,3,1125,37
247,4,2.0,1.0,2.0,160.0,2,60,71
1491,2,1.0,1.0,1.0,32.0,6,365,10
3647,4,1.0,1.0,2.0,130.0,4,1125,26
1276,3,1.0,1.0,2.0,80.0,5,120,20
6806,2,1.0,1.0,1.0,66.0,3,1125,11
4330,4,1.0,1.0,2.0,94.0,2,1500,194
816,4,2.0,1.0,2.0,80.0,3,1124,43
6333,2,1.0,1.0,1.0,67.0,2,2,13
3968,2,0.0,1.0,1.0,83.0,30,305,32
7461,2,1.0,2.0,1.0,89.0,1,1125,0
2289,2,1.0,1.0,1.0,90.0,3,365,51
3096,2,1.0,1.0,0.0,25.0,28,1125,2
4646,2,1.0,1.0,1.0,60.0,2,30,23
6617,1,1.0,1.0,1.0,40.0,3,1125,58
1996,5,2.0,1.0,3.0,245.0,3,21,23
2028,4,1.0,1.0,2.0,180.0,1,90,112
3558,2,0.0,1.0,1.0,52.0,360,366,0
2022,2,1.0,1.0,1.0,75.0,1,100,53
5619,6,3.0,3.5,3.0,725.0,3,1125,21
7259,6,3.0,2.0,3.0,190.0,2,1125,66
1979,4,1.0,1.0,2.0,70.0,90,180,7
4406,4,2.0,1.0,2.0,120.0,4,30,49
2051,4,1.0,1.0,1.0,185.0,2,25,19
2182,4,2.0,1.0,3.0,75.0,2,120,83
5830,2,1.0,1.0,1.0,80.0,3,11,3
2798,4,2.0,1.0,2.0,95.0,2,50,45
3967,2,1.0,1.0,1.0,150.0,3,1125,70
3206,6,2.0,2.0,2.0,297.0,3,1125,62
1963,2,1.0,1.0,1.0,65.0,7,21,41
4296,7,3.0,1.0,4.0,195.0,3,30,87
7234,2,1.0,1.0,1.0,130.0,1,1125,0
3141,6,2.0,1.0,3.0,96.0,4,21,1
56,4,1.0,1.0,1.0,73.0,3,30,5
543,2,1.0,1.0,1.0,100.0,7,330,68
4530,2,1.0,0.5,1.0,60.0,10,1125,40
7117,2,0.0,1.0,1.0,45.0,4,1125,10
5847,2,1.0,1.0,1.0,130.0,3,1125,2
2114,4,2.0,1.0,4.0,170.0,3,20,26
4093,2,1.0,1.5,0.0,55.0,2,45,4
3738,2,1.0,1.0,1.0,290.0,4,15,8
3746,2,1.0,1.0,1.0,45.0,2,40,13
5985,3,1.0,1.0,2.0,51.0,4,85,21
2176,2,1.0,1.0,1.0,80.0,2,21,72
3673,4,1.0,1.0,2.0,100.0,3,9,22
7552,2,1.0,1.0,1.0,60.0,1,1125,0
4416,2,1.0,1.0,1.0,100.0,2,23,29
626,6,2.0,1.0,4.0,125.0,5,365,108
7804,2,1.0,1.0,1.0,80.0,7,21,0
2743,2,1.0,1.0,1.0,59.0,2,5,17
2403,1,1.0,0.5,2.0,50.0,4,60,3
461,4,2.0,1.0,2.0,88.0,2,27,28
2658,2,1.0,1.0,1.0,70.0,3,60,18
22,4,2.0,1.0,2.0,105.0,2,20,59
1870,8,4.0,2.0,6.0,240.0,5,30,44
3917,2,1.0,1.0,1.0,45.0,1,1125,1
3582,2,0.0,1.0,1.0,50.0,1,1125,1
3524,4,1.0,1.0,2.0,75.0,2,90,85
6282,2,1.0,1.0,1.0,100.0,3,1125,13
175,2,1.0,1.0,1.0,119.0,3,12,18
6885,2,1.0,3.0,1.0,70.0,2,1125,3
7337,2,1.0,1.0,1.0,250.0,1,1125,1
3510,2,1.0,1.0,1.0,150.0,365,1125,3
3346,4,1.0,1.0,1.0,161.0,3,1125,24
856,2,0.0,1.0,1.0,90.0,3,1125,20
4123,2,1.0,1.0,1.0,70.0,1,6,5
4898,3,0.0,1.0,1.0,85.0,1,1125,0
1153,2,1.0,1.0,1.0,80.0,2,30,14
1661,4,1.0,1.0,2.0,95.0,7,1125,20
5558,2,1.0,1.0,1.0,50.0,1,1125,0
1581,4,1.0,1.0,2.0,69.0,2,5,46
1380,4,1.0,1.0,2.0,80.0,5,31,7
6597,4,1.0,1.0,2.0,100.0,7,1125,0
3724,2,1.0,1.0,1.0,130.0,7,20,53
7786,2,1.0,1.0,1.0,67.0,5,60,213
6171,6,3.0,1.5,4.0,220.0,7,14,3
775,5,2.0,1.5,3.0,90.0,3,14,2
6901,4,3.0,2.5,3.0,205.0,2,20,22
1263,4,1.0,1.0,2.0,70.0,1,1125,138
2216,2,0.0,1.0,2.0,85.0,3,40,131
6429,3,1.0,1.0,2.0,90.0,1,1125,0
2994,2,1.0,1.0,1.0,110.0,2,90,8
518,9,3.0,1.5,5.0,400.0,4,90,76
5539,4,1.0,1.0,2.0,75.0,2,1125,3
7792,2,0.0,1.0,1.0,70.0,3,1125,7
6481,2,1.0,1.0,1.0,80.0,2,1125,0
5039,6,4.0,2.5,5.0,139.0,3,1125,16
7647,4,2.0,1.0,3.0,99.0,1,365,129
7395,1,1.0,1.0,1.0,69.0,7,1125,0
4358,2,1.0,1.0,1.0,90.0,7,1125,1
7151,2,1.0,1.0,1.0,75.0,1,1125,0
4232,2,0.0,1.0,1.0,60.0,2,1125,2
293,2,1.0,1.0,1.0,105.0,2,90,322
876,2,0.0,1.0,1.0,85.0,500,1125,17
6278,3,1.0,1.5,1.0,75.0,15,21,0
566,2,0.0,1.0,1.0,50.0,5,15,135
7679,4,1.0,1.0,2.0,75.0,2,1125,66
3807,5,2.0,1.0,3.0,275.0,5,1125,39
1586,2,1.0,1.0,1.0,110.0,2,60,313
4075,6,4.0,2.0,4.0,290.0,4,1125,3
7546,6,2.0,2.0,5.0,700.0,2,35,3
5349,2,1.0,1.5,1.0,130.0,4,1125,0
338,2,1.0,1.0,1.0,65.0,6,365,119
3058,14,1.0,1.5,8.0,300.0,1,20,117
951,4,2.0,2.0,2.0,150.0,7,365,21
5689,4,1.0,1.0,2.0,60.0,2,1125,0
11,2,1.0,1.0,1.0,100.0,7,90,13
5670,9,4.0,3.0,6.0,290.0,5,1125,1
168,4,1.0,1.0,2.0,95.0,1,30,239
1185,4,1.0,1.0,2.0,40.0,7,15,2
5659,2,1.0,1.0,1.0,80.0,1,1125,0
4825,4,1.0,1.0,2.0,110.0,7,30,4
3142,2,0.0,0.5,1.0,42.0,5,1125,93
1288,4,1.0,1.0,1.0,98.0,2,1125,33
5376,2,1.0,1.0,1.0,50.0,2,1125,31
4554,4,1.0,1.0,2.0,100.0,4,21,18
4152,2,1.0,1.0,1.0,110.0,2,3,4
3273,2,1.0,1.0,1.0,70.0,2,1125,8
3056,4,1.0,1.0,2.0,69.0,2,305,194
7864,3,1.0,1.0,2.0,90.0,3,15,0
3918,2,0.0,1.0,1.0,60.0,6,1125,2
5686,2,1.0,1.0,1.0,100.0,2,1125,21
3383,3,1.0,1.0,2.0,130.0,7,90,23
4368,4,1.0,1.0,2.0,60.0,4,365,16
7042,2,0.0,1.0,1.0,60.0,3,30,301
255,2,1.0,1.0,1.0,35.0,20,1125,12
1788,3,1.0,1.0,2.0,40.0,2,31,5
1705,2,1.0,1.0,2.0,150.0,5,90,47
